Exchange,Symbol,ExchangeSymbol,ExchangeLeft,ExchangeRight
BINANCE,123_456,123456,123,456
BINANCE,ADA_BTC,ADABTC,ADA,BTC
BINANCE,ADA_ETH,ADAETH,ADA,ETH
BINANCE,ADX_BNB,ADXBNB,ADX,BNB
BINANCE,ADX_BTC,ADXBTC,ADX,BTC
BINANCE,ADX_ETH,ADXETH,ADX,ETH
BINANCE,AE_BNB,AEBNB,AE,BNB
BINANCE,AE_BTC,AEBTC,AE,BTC
BINANCE,AE_ETH,AEETH,AE,ETH
BINANCE,AION_BNB,AIONBNB,AION,BNB
BINANCE,AION_BTC,AIONBTC,AION,BTC
BINANCE,AION_ETH,AIONETH,AION,ETH
BINANCE,AMB_BNB,AMBBNB,AMB,BNB
BINANCE,AMB_BTC,AMBBTC,AMB,BTC
BINANCE,AMB_ETH,AMBETH,AMB,ETH
BINANCE,APPC_BNB,APPCBNB,APPC,BNB
BINANCE,APPC_BTC,APPCBTC,APPC,BTC
BINANCE,APPC_ETH,APPCETH,APPC,ETH
BINANCE,ARK_BTC,ARKBTC,ARK,BTC
BINANCE,ARK_ETH,ARKETH,ARK,ETH
BINANCE,ARN_BTC,ARNBTC,ARN,BTC
BINANCE,ARN_ETH,ARNETH,ARN,ETH
BINANCE,AST_BTC,ASTBTC,AST,BTC
BINANCE,AST_ETH,ASTETH,AST,ETH
BINANCE,BAT_BNB,BATBNB,BAT,BNB
BINANCE,BAT_BTC,BATBTC,BAT,BTC
BINANCE,BAT_ETH,BATETH,BAT,ETH
BINANCE,BCC_BNB,BCCBNB,BCC,BNB
BINANCE,BCC_BTC,BCCBTC,BCC,BTC
BINANCE,BCC_ETH,BCCETH,BCC,ETH
BINANCE,BCC_USDT,BCCUSDT,BCC,USDT
BINANCE,BCD_BTC,BCDBTC,BCD,BTC
BINANCE,BCD_ETH,BCDETH,BCD,ETH
BINANCE,BCPT_BNB,BCPTBNB,BCPT,BNB
BINANCE,BCPT_BTC,BCPTBTC,BCPT,BTC
BINANCE,BCPT_ETH,BCPTETH,BCPT,ETH
BINANCE,BLZ_BNB,BLZBNB,BLZ,BNB
BINANCE,BLZ_BTC,BLZBTC,BLZ,BTC
BINANCE,BLZ_ETH,BLZETH,BLZ,ETH
BINANCE,BNB_BTC,BNBBTC,BNB,BTC
BINANCE,BNB_ETH,BNBETH,BNB,ETH
BINANCE,BNB_USDT,BNBUSDT,BNB,USDT
BINANCE,BNT_BTC,BNTBTC,BNT,BTC
BINANCE,BNT_ETH,BNTETH,BNT,ETH
BINANCE,BQX_BTC,BQXBTC,BQX,BTC
BINANCE,BQX_ETH,BQXETH,BQX,ETH
BINANCE,BRD_BNB,BRDBNB,BRD,BNB
BINANCE,BRD_BTC,BRDBTC,BRD,BTC
BINANCE,BRD_ETH,BRDETH,BRD,ETH
BINANCE,BTC_USDT,BTCUSDT,BTC,USDT
BINANCE,BTG_BTC,BTGBTC,BTG,BTC
BINANCE,BTG_ETH,BTGETH,BTG,ETH
BINANCE,BTS_BNB,BTSBNB,BTS,BNB
BINANCE,BTS_BTC,BTSBTC,BTS,BTC
BINANCE,BTS_ETH,BTSETH,BTS,ETH
BINANCE,CDT_BTC,CDTBTC,CDT,BTC
BINANCE,CDT_ETH,CDTETH,CDT,ETH
BINANCE,CHAT_BTC,CHATBTC,CHAT,BTC
BINANCE,CHAT_ETH,CHATETH,CHAT,ETH
BINANCE,CMT_BNB,CMTBNB,CMT,BNB
BINANCE,CMT_BTC,CMTBTC,CMT,BTC
BINANCE,CMT_ETH,CMTETH,CMT,ETH
BINANCE,CND_BNB,CNDBNB,CND,BNB
BINANCE,CND_BTC,CNDBTC,CND,BTC
BINANCE,CND_ETH,CNDETH,CND,ETH
BINANCE,CTR_BTC,CTRBTC,CTR,BTC
BINANCE,CTR_ETH,CTRETH,CTR,ETH
BINANCE,DASH_BTC,DASHBTC,DASH,BTC
BINANCE,DASH_ETH,DASHETH,DASH,ETH
BINANCE,DGD_BTC,DGDBTC,DGD,BTC
BINANCE,DGD_ETH,DGDETH,DGD,ETH
BINANCE,DLT_BNB,DLTBNB,DLT,BNB
BINANCE,DLT_BTC,DLTBTC,DLT,BTC
BINANCE,DLT_ETH,DLTETH,DLT,ETH
BINANCE,DNT_BTC,DNTBTC,DNT,BTC
BINANCE,DNT_ETH,DNTETH,DNT,ETH
BINANCE,EDO_BTC,EDOBTC,EDO,BTC
BINANCE,EDO_ETH,EDOETH,EDO,ETH
BINANCE,ELF_BTC,ELFBTC,ELF,BTC
BINANCE,ELF_ETH,ELFETH,ELF,ETH
BINANCE,ENG_BTC,ENGBTC,ENG,BTC
BINANCE,ENG_ETH,ENGETH,ENG,ETH
BINANCE,ENJ_BTC,ENJBTC,ENJ,BTC
BINANCE,ENJ_ETH,ENJETH,ENJ,ETH
BINANCE,EOS_BTC,EOSBTC,EOS,BTC
BINANCE,EOS_ETH,EOSETH,EOS,ETH
BINANCE,ETC_BTC,ETCBTC,ETC,BTC
BINANCE,ETC_ETH,ETCETH,ETC,ETH
BINANCE,ETH_BTC,ETHBTC,ETH,BTC
BINANCE,ETH_USDT,ETHUSDT,ETH,USDT
BINANCE,EVX_BTC,EVXBTC,EVX,BTC
BINANCE,EVX_ETH,EVXETH,EVX,ETH
BINANCE,FUEL_BTC,FUELBTC,FUEL,BTC
BINANCE,FUEL_ETH,FUELETH,FUEL,ETH
BINANCE,FUN_BTC,FUNBTC,FUN,BTC
BINANCE,FUN_ETH,FUNETH,FUN,ETH
BINANCE,GAS_BTC,GASBTC,GAS,BTC
BINANCE,GTO_BNB,GTOBNB,GTO,BNB
BINANCE,GTO_BTC,GTOBTC,GTO,BTC
BINANCE,GTO_ETH,GTOETH,GTO,ETH
BINANCE,GVT_BTC,GVTBTC,GVT,BTC
BINANCE,GVT_ETH,GVTETH,GVT,ETH
BINANCE,GXS_BTC,GXSBTC,GXS,BTC
BINANCE,GXS_ETH,GXSETH,GXS,ETH
BINANCE,HSR_BTC,HSRBTC,HSR,BTC
BINANCE,HSR_ETH,HSRETH,HSR,ETH
BINANCE,ICN_BTC,ICNBTC,ICN,BTC
BINANCE,ICN_ETH,ICNETH,ICN,ETH
BINANCE,ICX_BNB,ICXBNB,ICX,BNB
BINANCE,ICX_BTC,ICXBTC,ICX,BTC
BINANCE,ICX_ETH,ICXETH,ICX,ETH
BINANCE,INS_BTC,INSBTC,INS,BTC
BINANCE,INS_ETH,INSETH,INS,ETH
BINANCE,IOST_BTC,IOSTBTC,IOST,BTC
BINANCE,IOST_ETH,IOSTETH,IOST,ETH
BINANCE,IOTA_BNB,IOTABNB,IOTA,BNB
BINANCE,IOTA_BTC,IOTABTC,IOTA,BTC
BINANCE,IOTA_ETH,IOTAETH,IOTA,ETH
BINANCE,KMD_BTC,KMDBTC,KMD,BTC
BINANCE,KMD_ETH,KMDETH,KMD,ETH
BINANCE,KNC_BTC,KNCBTC,KNC,BTC
BINANCE,KNC_ETH,KNCETH,KNC,ETH
BINANCE,LEND_BTC,LENDBTC,LEND,BTC
BINANCE,LEND_ETH,LENDETH,LEND,ETH
BINANCE,LINK_BTC,LINKBTC,LINK,BTC
BINANCE,LINK_ETH,LINKETH,LINK,ETH
BINANCE,LRC_BTC,LRCBTC,LRC,BTC
BINANCE,LRC_ETH,LRCETH,LRC,ETH
BINANCE,LSK_BNB,LSKBNB,LSK,BNB
BINANCE,LSK_BTC,LSKBTC,LSK,BTC
BINANCE,LSK_ETH,LSKETH,LSK,ETH
BINANCE,LTC_BNB,LTCBNB,LTC,BNB
BINANCE,LTC_BTC,LTCBTC,LTC,BTC
BINANCE,LTC_ETH,LTCETH,LTC,ETH
BINANCE,LTC_USDT,LTCUSDT,LTC,USDT
BINANCE,LUN_BTC,LUNBTC,LUN,BTC
BINANCE,LUN_ETH,LUNETH,LUN,ETH
BINANCE,MANA_BTC,MANABTC,MANA,BTC
BINANCE,MANA_ETH,MANAETH,MANA,ETH
BINANCE,MCO_BNB,MCOBNB,MCO,BNB
BINANCE,MCO_BTC,MCOBTC,MCO,BTC
BINANCE,MCO_ETH,MCOETH,MCO,ETH
BINANCE,MDA_BTC,MDABTC,MDA,BTC
BINANCE,MDA_ETH,MDAETH,MDA,ETH
BINANCE,MOD_BTC,MODBTC,MOD,BTC
BINANCE,MOD_ETH,MODETH,MOD,ETH
BINANCE,MTH_BTC,MTHBTC,MTH,BTC
BINANCE,MTH_ETH,MTHETH,MTH,ETH
BINANCE,MTL_BTC,MTLBTC,MTL,BTC
BINANCE,MTL_ETH,MTLETH,MTL,ETH
BINANCE,NANO_BNB,NANOBNB,NANO,BNB
BINANCE,NANO_BTC,NANOBTC,NANO,BTC
BINANCE,NANO_ETH,NANOETH,NANO,ETH
BINANCE,NAV_BNB,NAVBNB,NAV,BNB
BINANCE,NAV_BTC,NAVBTC,NAV,BTC
BINANCE,NAV_ETH,NAVETH,NAV,ETH
BINANCE,NCASH_BNB,NCASHBNB,NCASH,BNB
BINANCE,NCASH_BTC,NCASHBTC,NCASH,BTC
BINANCE,NCASH_ETH,NCASHETH,NCASH,ETH
BINANCE,NEBL_BNB,NEBLBNB,NEBL,BNB
BINANCE,NEBL_BTC,NEBLBTC,NEBL,BTC
BINANCE,NEBL_ETH,NEBLETH,NEBL,ETH
BINANCE,NEO_BNB,NEOBNB,NEO,BNB
BINANCE,NEO_BTC,NEOBTC,NEO,BTC
BINANCE,NEO_ETH,NEOETH,NEO,ETH
BINANCE,NEO_USDT,NEOUSDT,NEO,USDT
BINANCE,NULS_BNB,NULSBNB,NULS,BNB
BINANCE,NULS_BTC,NULSBTC,NULS,BTC
BINANCE,NULS_ETH,NULSETH,NULS,ETH
BINANCE,OAX_BTC,OAXBTC,OAX,BTC
BINANCE,OAX_ETH,OAXETH,OAX,ETH
BINANCE,OMG_BTC,OMGBTC,OMG,BTC
BINANCE,OMG_ETH,OMGETH,OMG,ETH
BINANCE,OST_BNB,OSTBNB,OST,BNB
BINANCE,OST_BTC,OSTBTC,OST,BTC
BINANCE,OST_ETH,OSTETH,OST,ETH
BINANCE,PIVX_BNB,PIVXBNB,PIVX,BNB
BINANCE,PIVX_BTC,PIVXBTC,PIVX,BTC
BINANCE,PIVX_ETH,PIVXETH,PIVX,ETH
BINANCE,POA_BNB,POABNB,POA,BNB
BINANCE,POA_BTC,POABTC,POA,BTC
BINANCE,POA_ETH,POAETH,POA,ETH
BINANCE,POE_BTC,POEBTC,POE,BTC
BINANCE,POE_ETH,POEETH,POE,ETH
BINANCE,POWR_BNB,POWRBNB,POWR,BNB
BINANCE,POWR_BTC,POWRBTC,POWR,BTC
BINANCE,POWR_ETH,POWRETH,POWR,ETH
BINANCE,PPT_BTC,PPTBTC,PPT,BTC
BINANCE,PPT_ETH,PPTETH,PPT,ETH
BINANCE,QSP_BNB,QSPBNB,QSP,BNB
BINANCE,QSP_BTC,QSPBTC,QSP,BTC
BINANCE,QSP_ETH,QSPETH,QSP,ETH
BINANCE,QTUM_BTC,QTUMBTC,QTUM,BTC
BINANCE,QTUM_ETH,QTUMETH,QTUM,ETH
BINANCE,RCN_BNB,RCNBNB,RCN,BNB
BINANCE,RCN_BTC,RCNBTC,RCN,BTC
BINANCE,RCN_ETH,RCNETH,RCN,ETH
BINANCE,RDN_BNB,RDNBNB,RDN,BNB
BINANCE,RDN_BTC,RDNBTC,RDN,BTC
BINANCE,RDN_ETH,RDNETH,RDN,ETH
BINANCE,REQ_BTC,REQBTC,REQ,BTC
BINANCE,REQ_ETH,REQETH,REQ,ETH
BINANCE,RLC_BNB,RLCBNB,RLC,BNB
BINANCE,RLC_BTC,RLCBTC,RLC,BTC
BINANCE,RLC_ETH,RLCETH,RLC,ETH
BINANCE,RPX_BNB,RPXBNB,RPX,BNB
BINANCE,RPX_BTC,RPXBTC,RPX,BTC
BINANCE,RPX_ETH,RPXETH,RPX,ETH
BINANCE,SALT_BTC,SALTBTC,SALT,BTC
BINANCE,SALT_ETH,SALTETH,SALT,ETH
BINANCE,SNGLS_BTC,SNGLSBTC,SNGLS,BTC
BINANCE,SNGLS_ETH,SNGLSETH,SNGLS,ETH
BINANCE,SNM_BTC,SNMBTC,SNM,BTC
BINANCE,SNM_ETH,SNMETH,SNM,ETH
BINANCE,SNT_BTC,SNTBTC,SNT,BTC
BINANCE,SNT_ETH,SNTETH,SNT,ETH
BINANCE,STEEM_BNB,STEEMBNB,STEEM,BNB
BINANCE,STEEM_BTC,STEEMBTC,STEEM,BTC
BINANCE,STEEM_ETH,STEEMETH,STEEM,ETH
BINANCE,STORJ_BTC,STORJBTC,STORJ,BTC
BINANCE,STORJ_ETH,STORJETH,STORJ,ETH
BINANCE,STRAT_BTC,STRATBTC,STRAT,BTC
BINANCE,STRAT_ETH,STRATETH,STRAT,ETH
BINANCE,SUB_BTC,SUBBTC,SUB,BTC
BINANCE,SUB_ETH,SUBETH,SUB,ETH
BINANCE,TNB_BTC,TNBBTC,TNB,BTC
BINANCE,TNB_ETH,TNBETH,TNB,ETH
BINANCE,TNT_BTC,TNTBTC,TNT,BTC
BINANCE,TNT_ETH,TNTETH,TNT,ETH
BINANCE,TRIG_BNB,TRIGBNB,TRIG,BNB
BINANCE,TRIG_BTC,TRIGBTC,TRIG,BTC
BINANCE,TRIG_ETH,TRIGETH,TRIG,ETH
BINANCE,TRX_BTC,TRXBTC,TRX,BTC
BINANCE,TRX_ETH,TRXETH,TRX,ETH
BINANCE,VEN_BNB,VENBNB,VEN,BNB
BINANCE,VEN_BTC,VENBTC,VEN,BTC
BINANCE,VEN_ETH,VENETH,VEN,ETH
BINANCE,VIA_BNB,VIABNB,VIA,BNB
BINANCE,VIA_BTC,VIABTC,VIA,BTC
BINANCE,VIA_ETH,VIAETH,VIA,ETH
BINANCE,VIB_BTC,VIBBTC,VIB,BTC
BINANCE,VIBE_BTC,VIBEBTC,VIBE,BTC
BINANCE,VIBE_ETH,VIBEETH,VIBE,ETH
BINANCE,VIB_ETH,VIBETH,VIB,ETH
BINANCE,WABI_BNB,WABIBNB,WABI,BNB
BINANCE,WABI_BTC,WABIBTC,WABI,BTC
BINANCE,WABI_ETH,WABIETH,WABI,ETH
BINANCE,WAVES_BNB,WAVESBNB,WAVES,BNB
BINANCE,WAVES_BTC,WAVESBTC,WAVES,BTC
BINANCE,WAVES_ETH,WAVESETH,WAVES,ETH
BINANCE,WINGS_BTC,WINGSBTC,WINGS,BTC
BINANCE,WINGS_ETH,WINGSETH,WINGS,ETH
BINANCE,WTC_BNB,WTCBNB,WTC,BNB
BINANCE,WTC_BTC,WTCBTC,WTC,BTC
BINANCE,WTC_ETH,WTCETH,WTC,ETH
BINANCE,XLM_BNB,XLMBNB,XLM,BNB
BINANCE,XLM_BTC,XLMBTC,XLM,BTC
BINANCE,XLM_ETH,XLMETH,XLM,ETH
BINANCE,XMR_BTC,XMRBTC,XMR,BTC
BINANCE,XMR_ETH,XMRETH,XMR,ETH
BINANCE,XRP_BTC,XRPBTC,XRP,BTC
BINANCE,XRP_ETH,XRPETH,XRP,ETH
BINANCE,XVG_BTC,XVGBTC,XVG,BTC
BINANCE,XVG_ETH,XVGETH,XVG,ETH
BINANCE,XZC_BNB,XZCBNB,XZC,BNB
BINANCE,XZC_BTC,XZCBTC,XZC,BTC
BINANCE,XZC_ETH,XZCETH,XZC,ETH
BINANCE,YOYO_BNB,YOYOBNB,YOYO,BNB
BINANCE,YOYO_BTC,YOYOBTC,YOYO,BTC
BINANCE,YOYO_ETH,YOYOETH,YOYO,ETH
BINANCE,ZEC_BTC,ZECBTC,ZEC,BTC
BINANCE,ZEC_ETH,ZECETH,ZEC,ETH
BINANCE,ZRX_BTC,ZRXBTC,ZRX,BTC
BINANCE,ZRX_ETH,ZRXETH,ZRX,ETH
BITFLYER,BCH_BTC,BCH_BTC,,
BITFLYER,BTC_JPY,BTC_JPY,,
BITFLYER,ETH_BTC,ETH_BTC,,
BITFINEX,AID_BTC,aidbtc,AID,BTC
BITFINEX,AID_ETH,aideth,AID,ETH
BITFINEX,AID_USD,aidusd,AID,USD
BITFINEX,AVT_BTC,avtbtc,AVT,BTC
BITFINEX,AVT_ETH,avteth,AVT,ETH
BITFINEX,AVT_USD,avtusd,AVT,USD
BITFINEX,BAT_BTC,batbtc,BAT,BTC
BITFINEX,BAT_ETH,bateth,BAT,ETH
BITFINEX,BAT_USD,batusd,BAT,USD
BITFINEX,BCH_BTC,bchbtc,BCH,BTC
BITFINEX,BCH_ETH,bcheth,BCH,ETH
BITFINEX,BCH_USD,bchusd,BCH,USD
BITFINEX,BTC_EUR,btceur,BTC,EUR
BITFINEX,BTC_USD,btcusd,BTC,USD
BITFINEX,BTG_BTC,btgbtc,BTG,BTC
BITFINEX,BTG_USD,btgusd,BTG,USD
BITFINEX,DAT_BTC,datbtc,DAT,BTC
BITFINEX,DAT_ETH,dateth,DAT,ETH
BITFINEX,DAT_USD,datusd,DAT,USD
BITFINEX,DSH_BTC,dshbtc,DSH,BTC
BITFINEX,DSH_USD,dshusd,DSH,USD
BITFINEX,EDO_BTC,edobtc,EDO,BTC
BITFINEX,EDO_ETH,edoeth,EDO,ETH
BITFINEX,EDO_USD,edousd,EDO,USD
BITFINEX,ELF_BTC,elfbtc,ELF,BTC
BITFINEX,ELF_ETH,elfeth,ELF,ETH
BITFINEX,ELF_USD,elfusd,ELF,USD
BITFINEX,EOS_BTC,eosbtc,EOS,BTC
BITFINEX,EOS_ETH,eoseth,EOS,ETH
BITFINEX,EOS_USD,eosusd,EOS,USD
BITFINEX,ETC_BTC,etcbtc,ETC,BTC
BITFINEX,ETC_USD,etcusd,ETC,USD
BITFINEX,ETH_BTC,ethbtc,ETH,BTC
BITFINEX,ETH_USD,ethusd,ETH,USD
BITFINEX,ETP_BTC,etpbtc,ETP,BTC
BITFINEX,ETP_ETH,etpeth,ETP,ETH
BITFINEX,ETP_USD,etpusd,ETP,USD
BITFINEX,FUN_BTC,funbtc,FUN,BTC
BITFINEX,FUN_ETH,funeth,FUN,ETH
BITFINEX,FUN_USD,funusd,FUN,USD
BITFINEX,GNT_BTC,gntbtc,GNT,BTC
BITFINEX,GNT_ETH,gnteth,GNT,ETH
BITFINEX,GNT_USD,gntusd,GNT,USD
BITFINEX,IOT_BTC,iotbtc,IOT,BTC
BITFINEX,IOT_ETH,ioteth,IOT,ETH
BITFINEX,IOT_EUR,ioteur,IOT,EUR
BITFINEX,IOT_USD,iotusd,IOT,USD
BITFINEX,LTC_BTC,ltcbtc,LTC,BTC
BITFINEX,LTC_USD,ltcusd,LTC,USD
BITFINEX,MNA_BTC,mnabtc,MNA,BTC
BITFINEX,MNA_ETH,mnaeth,MNA,ETH
BITFINEX,MNA_USD,mnausd,MNA,USD
BITFINEX,NEO_BTC,neobtc,NEO,BTC
BITFINEX,NEO_ETH,neoeth,NEO,ETH
BITFINEX,NEO_USD,neousd,NEO,USD
BITFINEX,OMG_BTC,omgbtc,OMG,BTC
BITFINEX,OMG_ETH,omgeth,OMG,ETH
BITFINEX,OMG_USD,omgusd,OMG,USD
BITFINEX,QSH_BTC,qshbtc,QSH,BTC
BITFINEX,QSH_ETH,qsheth,QSH,ETH
BITFINEX,QSH_USD,qshusd,QSH,USD
BITFINEX,QTM_BTC,qtmbtc,QTM,BTC
BITFINEX,QTM_ETH,qtmeth,QTM,ETH
BITFINEX,QTM_USD,qtmusd,QTM,USD
BITFINEX,RCN_BTC,rcnbtc,RCN,BTC
BITFINEX,RCN_ETH,rcneth,RCN,ETH
BITFINEX,RCN_USD,rcnusd,RCN,USD
BITFINEX,REP_BTC,repbtc,REP,BTC
BITFINEX,REP_ETH,repeth,REP,ETH
BITFINEX,REP_USD,repusd,REP,USD
BITFINEX,RLC_BTC,rlcbtc,RLC,BTC
BITFINEX,RLC_ETH,rlceth,RLC,ETH
BITFINEX,RLC_USD,rlcusd,RLC,USD
BITFINEX,RRT_BTC,rrtbtc,RRT,BTC
BITFINEX,RRT_USD,rrtusd,RRT,USD
BITFINEX,SAN_BTC,sanbtc,SAN,BTC
BITFINEX,SAN_ETH,saneth,SAN,ETH
BITFINEX,SAN_USD,sanusd,SAN,USD
BITFINEX,SNG_BTC,sngbtc,SNG,BTC
BITFINEX,SNG_ETH,sngeth,SNG,ETH
BITFINEX,SNG_USD,sngusd,SNG,USD
BITFINEX,SNT_BTC,sntbtc,SNT,BTC
BITFINEX,SNT_ETH,snteth,SNT,ETH
BITFINEX,SNT_USD,sntusd,SNT,USD
BITFINEX,SPK_BTC,spkbtc,SPK,BTC
BITFINEX,SPK_ETH,spketh,SPK,ETH
BITFINEX,SPK_USD,spkusd,SPK,USD
BITFINEX,TNB_BTC,tnbbtc,TNB,BTC
BITFINEX,TNB_ETH,tnbeth,TNB,ETH
BITFINEX,TNB_USD,tnbusd,TNB,USD
BITFINEX,TRX_BTC,trxbtc,TRX,BTC
BITFINEX,TRX_ETH,trxeth,TRX,ETH
BITFINEX,TRX_USD,trxusd,TRX,USD
BITFINEX,XMR_BTC,xmrbtc,XMR,BTC
BITFINEX,XMR_USD,xmrusd,XMR,USD
BITFINEX,XRP_BTC,xrpbtc,XRP,BTC
BITFINEX,XRP_USD,xrpusd,XRP,USD
BITFINEX,YYW_BTC,yywbtc,YYW,BTC
BITFINEX,YYW_ETH,yyweth,YYW,ETH
BITFINEX,YYW_USD,yywusd,YYW,USD
BITFINEX,ZEC_BTC,zecbtc,ZEC,BTC
BITFINEX,ZEC_USD,zecusd,ZEC,USD
BITFINEX,ZRX_BTC,zrxbtc,ZRX,BTC
BITFINEX,ZRX_ETH,zrxeth,ZRX,ETH
BITFINEX,ZRX_USD,zrxusd,ZRX,USD
BITSTAMP,BTC_EUR,btceur,BTC,EUR
BITSTAMP,BTC_USD,btcusd,BTC,USD
BITSTAMP,ETH_BTC,ethbtc,ETH,BTC
BITSTAMP,ETH_EUR,etheur,ETH,EUR
BITSTAMP,ETH_USD,ethusd,ETH,USD
BITSTAMP,EUR_USD,eurusd,EUR,USD
BITSTAMP,LTC_BTC,ltcbtc,LTC,BTC
BITSTAMP,LTC_EUR,ltceur,LTC,EUR
BITSTAMP,LTC_USD,ltcusd,LTC,USD
BITSTAMP,XRP_BTC,xrpbtc,XRP,BTC
BITSTAMP,XRP_EUR,xrpeur,XRP,EUR
BITSTAMP,XRP_USD,xrpusd,XRP,USD
BITTREX,1ST_BTC,BTC-1ST,1ST,BTC
BITTREX,2GIVE_BTC,BTC-2GIVE,2GIVE,BTC
BITTREX,ABY_BTC,BTC-ABY,ABY,BTC
BITTREX,ADA_BTC,BTC-ADA,ADA,BTC
BITTREX,ADT_BTC,BTC-ADT,ADT,BTC
BITTREX,ADX_BTC,BTC-ADX,ADX,BTC
BITTREX,AEON_BTC,BTC-AEON,AEON,BTC
BITTREX,AGRS_BTC,BTC-AGRS,AGRS,BTC
BITTREX,AMP_BTC,BTC-AMP,AMP,BTC
BITTREX,ANT_BTC,BTC-ANT,ANT,BTC
BITTREX,ARDR_BTC,BTC-ARDR,ARDR,BTC
BITTREX,ARK_BTC,BTC-ARK,ARK,BTC
BITTREX,AUR_BTC,BTC-AUR,AUR,BTC
BITTREX,BAT_BTC,BTC-BAT,BAT,BTC
BITTREX,BAY_BTC,BTC-BAY,BAY,BTC
BITTREX,BCC_BTC,BTC-BCC,BCC,BTC
BITTREX,BCPT_BTC,BTC-BCPT,BCPT,BTC
BITTREX,BCY_BTC,BTC-BCY,BCY,BTC
BITTREX,BITB_BTC,BTC-BITB,BITB,BTC
BITTREX,BLITZ_BTC,BTC-BLITZ,BLITZ,BTC
BITTREX,BLK_BTC,BTC-BLK,BLK,BTC
BITTREX,BLOCK_BTC,BTC-BLOCK,BLOCK,BTC
BITTREX,BNT_BTC,BTC-BNT,BNT,BTC
BITTREX,BRK_BTC,BTC-BRK,BRK,BTC
BITTREX,BRX_BTC,BTC-BRX,BRX,BTC
BITTREX,BSD_BTC,BTC-BSD,BSD,BTC
BITTREX,BTG_BTC,BTC-BTG,BTG,BTC
BITTREX,BURST_BTC,BTC-BURST,BURST,BTC
BITTREX,BYC_BTC,BTC-BYC,BYC,BTC
BITTREX,CANN_BTC,BTC-CANN,CANN,BTC
BITTREX,CFI_BTC,BTC-CFI,CFI,BTC
BITTREX,CLAM_BTC,BTC-CLAM,CLAM,BTC
BITTREX,CLOAK_BTC,BTC-CLOAK,CLOAK,BTC
BITTREX,CLUB_BTC,BTC-CLUB,CLUB,BTC
BITTREX,COVAL_BTC,BTC-COVAL,COVAL,BTC
BITTREX,CPC_BTC,BTC-CPC,CPC,BTC
BITTREX,CRB_BTC,BTC-CRB,CRB,BTC
BITTREX,CRW_BTC,BTC-CRW,CRW,BTC
BITTREX,CURE_BTC,BTC-CURE,CURE,BTC
BITTREX,CVC_BTC,BTC-CVC,CVC,BTC
BITTREX,DASH_BTC,BTC-DASH,DASH,BTC
BITTREX,DCR_BTC,BTC-DCR,DCR,BTC
BITTREX,DCT_BTC,BTC-DCT,DCT,BTC
BITTREX,DGB_BTC,BTC-DGB,DGB,BTC
BITTREX,DMD_BTC,BTC-DMD,DMD,BTC
BITTREX,DNT_BTC,BTC-DNT,DNT,BTC
BITTREX,DOGE_BTC,BTC-DOGE,DOGE,BTC
BITTREX,DOPE_BTC,BTC-DOPE,DOPE,BTC
BITTREX,DTB_BTC,BTC-DTB,DTB,BTC
BITTREX,DYN_BTC,BTC-DYN,DYN,BTC
BITTREX,EBST_BTC,BTC-EBST,EBST,BTC
BITTREX,EDG_BTC,BTC-EDG,EDG,BTC
BITTREX,EFL_BTC,BTC-EFL,EFL,BTC
BITTREX,EGC_BTC,BTC-EGC,EGC,BTC
BITTREX,EMC_BTC,BTC-EMC,EMC,BTC
BITTREX,EMC2_BTC,BTC-EMC2,EMC2,BTC
BITTREX,ENG_BTC,BTC-ENG,ENG,BTC
BITTREX,ENRG_BTC,BTC-ENRG,ENRG,BTC
BITTREX,ERC_BTC,BTC-ERC,ERC,BTC
BITTREX,ETC_BTC,BTC-ETC,ETC,BTC
BITTREX,ETH_BTC,BTC-ETH,ETH,BTC
BITTREX,EXCL_BTC,BTC-EXCL,EXCL,BTC
BITTREX,EXP_BTC,BTC-EXP,EXP,BTC
BITTREX,FAIR_BTC,BTC-FAIR,FAIR,BTC
BITTREX,FCT_BTC,BTC-FCT,FCT,BTC
BITTREX,FLDC_BTC,BTC-FLDC,FLDC,BTC
BITTREX,FLO_BTC,BTC-FLO,FLO,BTC
BITTREX,FTC_BTC,BTC-FTC,FTC,BTC
BITTREX,GAM_BTC,BTC-GAM,GAM,BTC
BITTREX,GAME_BTC,BTC-GAME,GAME,BTC
BITTREX,GBG_BTC,BTC-GBG,GBG,BTC
BITTREX,GBYTE_BTC,BTC-GBYTE,GBYTE,BTC
BITTREX,GCR_BTC,BTC-GCR,GCR,BTC
BITTREX,GEO_BTC,BTC-GEO,GEO,BTC
BITTREX,GLD_BTC,BTC-GLD,GLD,BTC
BITTREX,GNO_BTC,BTC-GNO,GNO,BTC
BITTREX,GNT_BTC,BTC-GNT,GNT,BTC
BITTREX,GOLOS_BTC,BTC-GOLOS,GOLOS,BTC
BITTREX,GRC_BTC,BTC-GRC,GRC,BTC
BITTREX,GRS_BTC,BTC-GRS,GRS,BTC
BITTREX,GUP_BTC,BTC-GUP,GUP,BTC
BITTREX,HMQ_BTC,BTC-HMQ,HMQ,BTC
BITTREX,IGNIS_BTC,BTC-IGNIS,IGNIS,BTC
BITTREX,INCNT_BTC,BTC-INCNT,INCNT,BTC
BITTREX,INFX_BTC,BTC-INFX,INFX,BTC
BITTREX,IOC_BTC,BTC-IOC,IOC,BTC
BITTREX,ION_BTC,BTC-ION,ION,BTC
BITTREX,IOP_BTC,BTC-IOP,IOP,BTC
BITTREX,KMD_BTC,BTC-KMD,KMD,BTC
BITTREX,KORE_BTC,BTC-KORE,KORE,BTC
BITTREX,LBC_BTC,BTC-LBC,LBC,BTC
BITTREX,LGD_BTC,BTC-LGD,LGD,BTC
BITTREX,LMC_BTC,BTC-LMC,LMC,BTC
BITTREX,LSK_BTC,BTC-LSK,LSK,BTC
BITTREX,LTC_BTC,BTC-LTC,LTC,BTC
BITTREX,LUN_BTC,BTC-LUN,LUN,BTC
BITTREX,MAID_BTC,BTC-MAID,MAID,BTC
BITTREX,MANA_BTC,BTC-MANA,MANA,BTC
BITTREX,MCO_BTC,BTC-MCO,MCO,BTC
BITTREX,MEME_BTC,BTC-MEME,MEME,BTC
BITTREX,MER_BTC,BTC-MER,MER,BTC
BITTREX,MLN_BTC,BTC-MLN,MLN,BTC
BITTREX,MONA_BTC,BTC-MONA,MONA,BTC
BITTREX,MUE_BTC,BTC-MUE,MUE,BTC
BITTREX,MUSIC_BTC,BTC-MUSIC,MUSIC,BTC
BITTREX,NAV_BTC,BTC-NAV,NAV,BTC
BITTREX,NBT_BTC,BTC-NBT,NBT,BTC
BITTREX,NEO_BTC,BTC-NEO,NEO,BTC
BITTREX,NEOS_BTC,BTC-NEOS,NEOS,BTC
BITTREX,NLG_BTC,BTC-NLG,NLG,BTC
BITTREX,NMR_BTC,BTC-NMR,NMR,BTC
BITTREX,NXC_BTC,BTC-NXC,NXC,BTC
BITTREX,NXS_BTC,BTC-NXS,NXS,BTC
BITTREX,NXT_BTC,BTC-NXT,NXT,BTC
BITTREX,OK_BTC,BTC-OK,OK,BTC
BITTREX,OMG_BTC,BTC-OMG,OMG,BTC
BITTREX,OMNI_BTC,BTC-OMNI,OMNI,BTC
BITTREX,PART_BTC,BTC-PART,PART,BTC
BITTREX,PAY_BTC,BTC-PAY,PAY,BTC
BITTREX,PDC_BTC,BTC-PDC,PDC,BTC
BITTREX,PINK_BTC,BTC-PINK,PINK,BTC
BITTREX,PIVX_BTC,BTC-PIVX,PIVX,BTC
BITTREX,PKB_BTC,BTC-PKB,PKB,BTC
BITTREX,POT_BTC,BTC-POT,POT,BTC
BITTREX,POWR_BTC,BTC-POWR,POWR,BTC
BITTREX,PPC_BTC,BTC-PPC,PPC,BTC
BITTREX,PTC_BTC,BTC-PTC,PTC,BTC
BITTREX,PTOY_BTC,BTC-PTOY,PTOY,BTC
BITTREX,QRL_BTC,BTC-QRL,QRL,BTC
BITTREX,QTUM_BTC,BTC-QTUM,QTUM,BTC
BITTREX,QWARK_BTC,BTC-QWARK,QWARK,BTC
BITTREX,RADS_BTC,BTC-RADS,RADS,BTC
BITTREX,RBY_BTC,BTC-RBY,RBY,BTC
BITTREX,RCN_BTC,BTC-RCN,RCN,BTC
BITTREX,RDD_BTC,BTC-RDD,RDD,BTC
BITTREX,REP_BTC,BTC-REP,REP,BTC
BITTREX,RLC_BTC,BTC-RLC,RLC,BTC
BITTREX,SALT_BTC,BTC-SALT,SALT,BTC
BITTREX,SBD_BTC,BTC-SBD,SBD,BTC
BITTREX,SC_BTC,BTC-SC,SC,BTC
BITTREX,SEQ_BTC,BTC-SEQ,SEQ,BTC
BITTREX,SHIFT_BTC,BTC-SHIFT,SHIFT,BTC
BITTREX,SIB_BTC,BTC-SIB,SIB,BTC
BITTREX,SLR_BTC,BTC-SLR,SLR,BTC
BITTREX,SLS_BTC,BTC-SLS,SLS,BTC
BITTREX,SNRG_BTC,BTC-SNRG,SNRG,BTC
BITTREX,SNT_BTC,BTC-SNT,SNT,BTC
BITTREX,SPHR_BTC,BTC-SPHR,SPHR,BTC
BITTREX,SPR_BTC,BTC-SPR,SPR,BTC
BITTREX,SRN_BTC,BTC-SRN,SRN,BTC
BITTREX,START_BTC,BTC-START,START,BTC
BITTREX,STEEM_BTC,BTC-STEEM,STEEM,BTC
BITTREX,STORJ_BTC,BTC-STORJ,STORJ,BTC
BITTREX,STRAT_BTC,BTC-STRAT,STRAT,BTC
BITTREX,SWIFT_BTC,BTC-SWIFT,SWIFT,BTC
BITTREX,SWT_BTC,BTC-SWT,SWT,BTC
BITTREX,SYNX_BTC,BTC-SYNX,SYNX,BTC
BITTREX,SYS_BTC,BTC-SYS,SYS,BTC
BITTREX,THC_BTC,BTC-THC,THC,BTC
BITTREX,TIX_BTC,BTC-TIX,TIX,BTC
BITTREX,TKS_BTC,BTC-TKS,TKS,BTC
BITTREX,TRST_BTC,BTC-TRST,TRST,BTC
BITTREX,TRUST_BTC,BTC-TRUST,TRUST,BTC
BITTREX,TX_BTC,BTC-TX,TX,BTC
BITTREX,UBQ_BTC,BTC-UBQ,UBQ,BTC
BITTREX,UKG_BTC,BTC-UKG,UKG,BTC
BITTREX,UNB_BTC,BTC-UNB,UNB,BTC
BITTREX,VEE_BTC,BTC-VEE,VEE,BTC
BITTREX,VIA_BTC,BTC-VIA,VIA,BTC
BITTREX,VIB_BTC,BTC-VIB,VIB,BTC
BITTREX,VOX_BTC,BTC-VOX,VOX,BTC
BITTREX,VRC_BTC,BTC-VRC,VRC,BTC
BITTREX,VRM_BTC,BTC-VRM,VRM,BTC
BITTREX,VTC_BTC,BTC-VTC,VTC,BTC
BITTREX,VTR_BTC,BTC-VTR,VTR,BTC
BITTREX,WAVES_BTC,BTC-WAVES,WAVES,BTC
BITTREX,WAX_BTC,BTC-WAX,WAX,BTC
BITTREX,WINGS_BTC,BTC-WINGS,WINGS,BTC
BITTREX,XCP_BTC,BTC-XCP,XCP,BTC
BITTREX,XDN_BTC,BTC-XDN,XDN,BTC
BITTREX,XEL_BTC,BTC-XEL,XEL,BTC
BITTREX,XEM_BTC,BTC-XEM,XEM,BTC
BITTREX,XLM_BTC,BTC-XLM,XLM,BTC
BITTREX,XMG_BTC,BTC-XMG,XMG,BTC
BITTREX,XMR_BTC,BTC-XMR,XMR,BTC
BITTREX,XMY_BTC,BTC-XMY,XMY,BTC
BITTREX,XRP_BTC,BTC-XRP,XRP,BTC
BITTREX,XST_BTC,BTC-XST,XST,BTC
BITTREX,XVC_BTC,BTC-XVC,XVC,BTC
BITTREX,XVG_BTC,BTC-XVG,XVG,BTC
BITTREX,XWC_BTC,BTC-XWC,XWC,BTC
BITTREX,XZC_BTC,BTC-XZC,XZC,BTC
BITTREX,ZCL_BTC,BTC-ZCL,ZCL,BTC
BITTREX,ZEC_BTC,BTC-ZEC,ZEC,BTC
BITTREX,ZEN_BTC,BTC-ZEN,ZEN,BTC
BITTREX,ZRX_BTC,BTC-ZRX,ZRX,BTC
BITTREX,1ST_ETH,ETH-1ST,1ST,ETH
BITTREX,ADA_ETH,ETH-ADA,ADA,ETH
BITTREX,ADT_ETH,ETH-ADT,ADT,ETH
BITTREX,ADX_ETH,ETH-ADX,ADX,ETH
BITTREX,ANT_ETH,ETH-ANT,ANT,ETH
BITTREX,BAT_ETH,ETH-BAT,BAT,ETH
BITTREX,BCC_ETH,ETH-BCC,BCC,ETH
BITTREX,BCPT_ETH,ETH-BCPT,BCPT,ETH
BITTREX,BNT_ETH,ETH-BNT,BNT,ETH
BITTREX,BTG_ETH,ETH-BTG,BTG,ETH
BITTREX,CFI_ETH,ETH-CFI,CFI,ETH
BITTREX,CRB_ETH,ETH-CRB,CRB,ETH
BITTREX,CVC_ETH,ETH-CVC,CVC,ETH
BITTREX,DASH_ETH,ETH-DASH,DASH,ETH
BITTREX,DGB_ETH,ETH-DGB,DGB,ETH
BITTREX,DNT_ETH,ETH-DNT,DNT,ETH
BITTREX,ENG_ETH,ETH-ENG,ENG,ETH
BITTREX,ETC_ETH,ETH-ETC,ETC,ETH
BITTREX,FCT_ETH,ETH-FCT,FCT,ETH
BITTREX,GNO_ETH,ETH-GNO,GNO,ETH
BITTREX,GNT_ETH,ETH-GNT,GNT,ETH
BITTREX,GUP_ETH,ETH-GUP,GUP,ETH
BITTREX,HMQ_ETH,ETH-HMQ,HMQ,ETH
BITTREX,LGD_ETH,ETH-LGD,LGD,ETH
BITTREX,LTC_ETH,ETH-LTC,LTC,ETH
BITTREX,LUN_ETH,ETH-LUN,LUN,ETH
BITTREX,MANA_ETH,ETH-MANA,MANA,ETH
BITTREX,MCO_ETH,ETH-MCO,MCO,ETH
BITTREX,NEO_ETH,ETH-NEO,NEO,ETH
BITTREX,NMR_ETH,ETH-NMR,NMR,ETH
BITTREX,OMG_ETH,ETH-OMG,OMG,ETH
BITTREX,PAY_ETH,ETH-PAY,PAY,ETH
BITTREX,POWR_ETH,ETH-POWR,POWR,ETH
BITTREX,PTOY_ETH,ETH-PTOY,PTOY,ETH
BITTREX,QRL_ETH,ETH-QRL,QRL,ETH
BITTREX,QTUM_ETH,ETH-QTUM,QTUM,ETH
BITTREX,RCN_ETH,ETH-RCN,RCN,ETH
BITTREX,REP_ETH,ETH-REP,REP,ETH
BITTREX,RLC_ETH,ETH-RLC,RLC,ETH
BITTREX,SALT_ETH,ETH-SALT,SALT,ETH
BITTREX,SC_ETH,ETH-SC,SC,ETH
BITTREX,SNT_ETH,ETH-SNT,SNT,ETH
BITTREX,SRN_ETH,ETH-SRN,SRN,ETH
BITTREX,STORJ_ETH,ETH-STORJ,STORJ,ETH
BITTREX,STRAT_ETH,ETH-STRAT,STRAT,ETH
BITTREX,TIX_ETH,ETH-TIX,TIX,ETH
BITTREX,TRST_ETH,ETH-TRST,TRST,ETH
BITTREX,UKG_ETH,ETH-UKG,UKG,ETH
BITTREX,VEE_ETH,ETH-VEE,VEE,ETH
BITTREX,VIB_ETH,ETH-VIB,VIB,ETH
BITTREX,WAVES_ETH,ETH-WAVES,WAVES,ETH
BITTREX,WAX_ETH,ETH-WAX,WAX,ETH
BITTREX,WINGS_ETH,ETH-WINGS,WINGS,ETH
BITTREX,XEM_ETH,ETH-XEM,XEM,ETH
BITTREX,XLM_ETH,ETH-XLM,XLM,ETH
BITTREX,XMR_ETH,ETH-XMR,XMR,ETH
BITTREX,XRP_ETH,ETH-XRP,XRP,ETH
BITTREX,ZEC_ETH,ETH-ZEC,ZEC,ETH
BITTREX,ZRX_ETH,ETH-ZRX,ZRX,ETH
BITTREX,ADA_USDT,USDT-ADA,ADA,USDT
BITTREX,BCC_USDT,USDT-BCC,BCC,USDT
BITTREX,BTC_USDT,USDT-BTC,BTC,USDT
BITTREX,BTG_USDT,USDT-BTG,BTG,USDT
BITTREX,DASH_USDT,USDT-DASH,DASH,USDT
BITTREX,ETC_USDT,USDT-ETC,ETC,USDT
BITTREX,ETH_USDT,USDT-ETH,ETH,USDT
BITTREX,LTC_USDT,USDT-LTC,LTC,USDT
BITTREX,NEO_USDT,USDT-NEO,NEO,USDT
BITTREX,NXT_USDT,USDT-NXT,NXT,USDT
BITTREX,OMG_USDT,USDT-OMG,OMG,USDT
BITTREX,XMR_USDT,USDT-XMR,XMR,USDT
BITTREX,XRP_USDT,USDT-XRP,XRP,USDT
BITTREX,XVG_USDT,USDT-XVG,XVG,USDT
BITTREX,ZEC_USDT,USDT-ZEC,ZEC,USDT
GDAX,BCH_BTC,BCH-BTC,BCH,BTC
GDAX,BCH_EUR,BCH-EUR,BCH,EUR
GDAX,BCH_USD,BCH-USD,BCH,USD
GDAX,BTC_EUR,BTC-EUR,BTC,EUR
GDAX,BTC_GBP,BTC-GBP,BTC,GBP
GDAX,BTC_USD,BTC-USD,BTC,USD
GDAX,ETH_BTC,ETH-BTC,ETH,BTC
GDAX,ETH_EUR,ETH-EUR,ETH,EUR
GDAX,ETH_USD,ETH-USD,ETH,USD
GDAX,LTC_BTC,LTC-BTC,LTC,BTC
GDAX,LTC_EUR,LTC-EUR,LTC,EUR
GDAX,LTC_USD,LTC-USD,LTC,USD
HITBTC,1ST_BTC,1STBTC,1ST,BTC
HITBTC,1ST_ETH,1STETH,1ST,ETH
HITBTC,ACO_ETH,ACOETH,ACO,ETH
HITBTC,ACT_BTC,ACTBTC,ACT,BTC
HITBTC,ACT_ETH,ACTETH,ACT,ETH
HITBTC,ACT_USD,ACTUSD,ACT,USD
HITBTC,ADA_BTC,ADABTC,ADA,BTC
HITBTC,ADA_ETH,ADAETH,ADA,ETH
HITBTC,ADA_USD,ADAUSD,ADA,USD
HITBTC,ADX_BTC,ADXBTC,ADX,BTC
HITBTC,ADX_ETH,ADXETH,ADX,ETH
HITBTC,ADX_USD,ADXUSD,ADX,USD
HITBTC,AE_BTC,AEBTC,AE,BTC
HITBTC,AEON_BTC,AEONBTC,AEON,BTC
HITBTC,AIR_BTC,AIRBTC,AIR,BTC
HITBTC,AIR_ETH,AIRETH,AIR,ETH
HITBTC,AIR_USD,AIRUSD,AIR,USD
HITBTC,AMB_BTC,AMBBTC,AMB,BTC
HITBTC,AMB_ETH,AMBETH,AMB,ETH
HITBTC,AMB_USD,AMBUSD,AMB,USD
HITBTC,AMM_BTC,AMMBTC,AMM,BTC
HITBTC,AMM_ETH,AMMETH,AMM,ETH
HITBTC,AMM_USD,AMMUSD,AMM,USD
HITBTC,AMP_BTC,AMPBTC,AMP,BTC
HITBTC,ANT_BTC,ANTBTC,ANT,BTC
HITBTC,ARCT_BTC,ARCTBTC,ARCT,BTC
HITBTC,ARCT_USD,ARCTUSD,ARCT,USD
HITBTC,ARDR_BTC,ARDRBTC,ARDR,BTC
HITBTC,ARN_BTC,ARNBTC,ARN,BTC
HITBTC,ARN_ETH,ARNETH,ARN,ETH
HITBTC,ART_BTC,ARTBTC,ART,BTC
HITBTC,ATB_BTC,ATBBTC,ATB,BTC
HITBTC,ATB_ETH,ATBETH,ATB,ETH
HITBTC,ATB_USD,ATBUSD,ATB,USD
HITBTC,ATL_BTC,ATLBTC,ATL,BTC
HITBTC,ATM_BTC,ATMBTC,ATM,BTC
HITBTC,ATM_ETH,ATMETH,ATM,ETH
HITBTC,ATM_USD,ATMUSD,ATM,USD
HITBTC,ATS_BTC,ATSBTC,ATS,BTC
HITBTC,ATS_ETH,ATSETH,ATS,ETH
HITBTC,AVH_BTC,AVHBTC,AVH,BTC
HITBTC,AVH_ETH,AVHETH,AVH,ETH
HITBTC,AVH_USDT,AVHUSDT,AVH,USDT
HITBTC,AVT_ETH,AVTETH,AVT,ETH
HITBTC,B2X_BTC,B2XBTC,B2X,BTC
HITBTC,B2X_ETH,B2XETH,B2X,ETH
HITBTC,B2X_USD,B2XUSD,B2X,USD
HITBTC,BAR_BTC,BARBTC,BAR,BTC
HITBTC,BAR_ETH,BARETH,BAR,ETH
HITBTC,BAR_USD,BARUSD,BAR,USD
HITBTC,BAS_ETH,BASETH,BAS,ETH
HITBTC,BCH_BTC,BCHBTC,BCH,BTC
HITBTC,BCH_ETH,BCHETH,BCH,ETH
HITBTC,BCH_USD,BCHUSD,BCH,USD
HITBTC,BCN_BTC,BCNBTC,BCN,BTC
HITBTC,BCN_ETH,BCNETH,BCN,ETH
HITBTC,BCN_USD,BCNUSD,BCN,USD
HITBTC,BCPT_BTC,BCPTBTC,BCPT,BTC
HITBTC,BCPT_ETH,BCPTETH,BCPT,ETH
HITBTC,BCPT_USDT,BCPTUSDT,BCPT,USDT
HITBTC,BET_ETH,BETETH,BET,ETH
HITBTC,BETR_BTC,BETRBTC,BETR,BTC
HITBTC,BETR_ETH,BETRETH,BETR,ETH
HITBTC,BEZ_BTC,BEZBTC,BEZ,BTC
HITBTC,BEZ_ETH,BEZETH,BEZ,ETH
HITBTC,BEZ_USD,BEZUSD,BEZ,USD
HITBTC,BKB_BTC,BKBBTC,BKB,BTC
HITBTC,BMC_BTC,BMCBTC,BMC,BTC
HITBTC,BMC_ETH,BMCETH,BMC,ETH
HITBTC,BMC_USD,BMCUSD,BMC,USD
HITBTC,BMT_BTC,BMTBTC,BMT,BTC
HITBTC,BMT_ETH,BMTETH,BMT,ETH
HITBTC,BNT_BTC,BNTBTC,BNT,BTC
HITBTC,BNT_ETH,BNTETH,BNT,ETH
HITBTC,BNT_USD,BNTUSD,BNT,USD
HITBTC,BOS_BTC,BOSBTC,BOS,BTC
HITBTC,BPTN_BTC,BPTNBTC,BPTN,BTC
HITBTC,BPTN_ETH,BPTNETH,BPTN,ETH
HITBTC,BPTN_USD,BPTNUSD,BPTN,USD
HITBTC,BQX_BTC,BQXBTC,BQX,BTC
HITBTC,BQX_ETH,BQXETH,BQX,ETH
HITBTC,BQX_USD,BQXUSD,BQX,USD
HITBTC,BTCA_BTC,BTCABTC,BTCA,BTC
HITBTC,BTCA_ETH,BTCAETH,BTCA,ETH
HITBTC,BTCA_USD,BTCAUSD,BTCA,USD
HITBTC,BTC_USD,BTCUSD,BTC,USD
HITBTC,BTG_BTC,BTGBTC,BTG,BTC
HITBTC,BTG_ETH,BTGETH,BTG,ETH
HITBTC,BTG_USD,BTGUSD,BTG,USD
HITBTC,BTM_BTC,BTMBTC,BTM,BTC
HITBTC,BTM_ETH,BTMETH,BTM,ETH
HITBTC,BTM_USD,BTMUSD,BTM,USD
HITBTC,BTX_BTC,BTXBTC,BTX,BTC
HITBTC,BTX_USDT,BTXUSDT,BTX,USDT
HITBTC,BUS_BTC,BUSBTC,BUS,BTC
HITBTC,C20_BTC,C20BTC,C20,BTC
HITBTC,C20_ETH,C20ETH,C20,ETH
HITBTC,CAS_BTC,CASBTC,CAS,BTC
HITBTC,CAS_ETH,CASETH,CAS,ETH
HITBTC,CAS_USD,CASUSD,CAS,USD
HITBTC,CAT_BTC,CATBTC,CAT,BTC
HITBTC,CAT_ETH,CATETH,CAT,ETH
HITBTC,CAT_USD,CATUSD,CAT,USD
HITBTC,CCT_ETH,CCTETH,CCT,ETH
HITBTC,CDT_BTC,CDTBTC,CDT,BTC
HITBTC,CDT_ETH,CDTETH,CDT,ETH
HITBTC,CDT_USD,CDTUSD,CDT,USD
HITBTC,CDX_ETH,CDXETH,CDX,ETH
HITBTC,CFI_BTC,CFIBTC,CFI,BTC
HITBTC,CFI_ETH,CFIETH,CFI,ETH
HITBTC,CHAT_BTC,CHATBTC,CHAT,BTC
HITBTC,CHAT_ETH,CHATETH,CHAT,ETH
HITBTC,CHAT_USD,CHATUSD,CHAT,USD
HITBTC,CHP_ETH,CHPETH,CHP,ETH
HITBTC,CHSB_BTC,CHSBBTC,CHSB,BTC
HITBTC,CHSB_ETH,CHSBETH,CHSB,ETH
HITBTC,CL_BTC,CLBTC,CL,BTC
HITBTC,CLD_BTC,CLDBTC,CLD,BTC
HITBTC,CLD_ETH,CLDETH,CLD,ETH
HITBTC,CLD_USD,CLDUSD,CLD,USD
HITBTC,CL_ETH,CLETH,CL,ETH
HITBTC,CLOUT_BTC,CLOUTBTC,CLOUT,BTC
HITBTC,CLOUT_ETH,CLOUTETH,CLOUT,ETH
HITBTC,CLOUT_USDT,CLOUTUSDT,CLOUT,USDT
HITBTC,CL_USD,CLUSD,CL,USD
HITBTC,CND_BTC,CNDBTC,CND,BTC
HITBTC,CND_ETH,CNDETH,CND,ETH
HITBTC,CND_USD,CNDUSD,CND,USD
HITBTC,CNX_BTC,CNXBTC,CNX,BTC
HITBTC,COSS_BTC,COSSBTC,COSS,BTC
HITBTC,COSS_ETH,COSSETH,COSS,ETH
HITBTC,COV_BTC,COVBTC,COV,BTC
HITBTC,COV_ETH,COVETH,COV,ETH
HITBTC,CPAY_ETH,CPAYETH,CPAY,ETH
HITBTC,CPG_BTC,CPGBTC,CPG,BTC
HITBTC,CPG_ETH,CPGETH,CPG,ETH
HITBTC,CPY_BTC,CPYBTC,CPY,BTC
HITBTC,CPY_ETH,CPYETH,CPY,ETH
HITBTC,CSNO_BTC,CSNOBTC,CSNO,BTC
HITBTC,CTE_BTC,CTEBTC,CTE,BTC
HITBTC,CTE_ETH,CTEETH,CTE,ETH
HITBTC,CTE_USD,CTEUSD,CTE,USD
HITBTC,CTR_BTC,CTRBTC,CTR,BTC
HITBTC,CTR_ETH,CTRETH,CTR,ETH
HITBTC,CTR_USD,CTRUSD,CTR,USD
HITBTC,CTX_BTC,CTXBTC,CTX,BTC
HITBTC,CTX_ETH,CTXETH,CTX,ETH
HITBTC,CVC_USD,CVCUSD,CVC,USD
HITBTC,DASH_BTC,DASHBTC,DASH,BTC
HITBTC,DASH_ETH,DASHETH,DASH,ETH
HITBTC,DASH_USD,DASHUSD,DASH,USD
HITBTC,DATA_BTC,DATABTC,DATA,BTC
HITBTC,DATA_ETH,DATAETH,DATA,ETH
HITBTC,DATA_USD,DATAUSD,DATA,USD
HITBTC,DBET_BTC,DBETBTC,DBET,BTC
HITBTC,DBET_ETH,DBETETH,DBET,ETH
HITBTC,DBET_USD,DBETUSD,DBET,USD
HITBTC,DBIX_BTC,DBIXBTC,DBIX,BTC
HITBTC,DCN_ETH,DCNETH,DCN,ETH
HITBTC,DCN_USD,DCNUSD,DCN,USD
HITBTC,DCT_BTC,DCTBTC,DCT,BTC
HITBTC,DDF_ETH,DDFETH,DDF,ETH
HITBTC,DENT_ETH,DENTETH,DENT,ETH
HITBTC,DGB_BTC,DGBBTC,DGB,BTC
HITBTC,DGB_ETH,DGBETH,DGB,ETH
HITBTC,DGB_USD,DGBUSD,DGB,USD
HITBTC,DGD_BTC,DGDBTC,DGD,BTC
HITBTC,DICE_BTC,DICEBTC,DICE,BTC
HITBTC,DICE_ETH,DICEETH,DICE,ETH
HITBTC,DIM_BTC,DIMBTC,DIM,BTC
HITBTC,DIM_ETH,DIMETH,DIM,ETH
HITBTC,DIM_USD,DIMUSD,DIM,USD
HITBTC,DLT_BTC,DLTBTC,DLT,BTC
HITBTC,DNT_BTC,DNTBTC,DNT,BTC
HITBTC,DOGE_BTC,DOGEBTC,DOGE,BTC
HITBTC,DOGE_ETH,DOGEETH,DOGE,ETH
HITBTC,DOGE_USD,DOGEUSD,DOGE,USD
HITBTC,DOV_BTC,DOVBTC,DOV,BTC
HITBTC,DOV_ETH,DOVETH,DOV,ETH
HITBTC,DRPU_BTC,DRPUBTC,DRPU,BTC
HITBTC,DRPU_ETH,DRPUETH,DRPU,ETH
HITBTC,DRT_ETH,DRTETH,DRT,ETH
HITBTC,DRT_USDT,DRTUSDT,DRT,USDT
HITBTC,DSH_BTC,DSHBTC,DSH,BTC
HITBTC,EBET_ETH,EBETETH,EBET,ETH
HITBTC,EBTCNEW_BTC,EBTCNEWBTC,EBTCNEW,BTC
HITBTC,EBTCNEW_ETH,EBTCNEWETH,EBTCNEW,ETH
HITBTC,EBTCNEW_USD,EBTCNEWUSD,EBTCNEW,USD
HITBTC,EBTCOLD_BTC,EBTCOLDBTC,EBTCOLD,BTC
HITBTC,EBTCOLD_ETH,EBTCOLDETH,EBTCOLD,ETH
HITBTC,EBTCOLD_USD,EBTCOLDUSD,EBTCOLD,USD
HITBTC,ECH_BTC,ECHBTC,ECH,BTC
HITBTC,EDG_BTC,EDGBTC,EDG,BTC
HITBTC,EDO_BTC,EDOBTC,EDO,BTC
HITBTC,EDO_ETH,EDOETH,EDO,ETH
HITBTC,EDO_USD,EDOUSD,EDO,USD
HITBTC,EET_BTC,EETBTC,EET,BTC
HITBTC,EET_ETH,EETETH,EET,ETH
HITBTC,EET_USD,EETUSD,EET,USD
HITBTC,EKO_BTC,EKOBTC,EKO,BTC
HITBTC,EKO_ETH,EKOETH,EKO,ETH
HITBTC,EKO_USDT,EKOUSDT,EKO,USDT
HITBTC,ELE_BTC,ELEBTC,ELE,BTC
HITBTC,ELM_BTC,ELMBTC,ELM,BTC
HITBTC,EMC_BTC,EMCBTC,EMC,BTC
HITBTC,EMC_ETH,EMCETH,EMC,ETH
HITBTC,EMC_USDT,EMCUSDT,EMC,USDT
HITBTC,EMGO_BTC,EMGOBTC,EMGO,BTC
HITBTC,EMGO_USD,EMGOUSD,EMGO,USD
HITBTC,ENG_ETH,ENGETH,ENG,ETH
HITBTC,ENJ_BTC,ENJBTC,ENJ,BTC
HITBTC,ENJ_ETH,ENJETH,ENJ,ETH
HITBTC,ENJ_USD,ENJUSD,ENJ,USD
HITBTC,EOS_BTC,EOSBTC,EOS,BTC
HITBTC,EOS_ETH,EOSETH,EOS,ETH
HITBTC,EOS_USD,EOSUSD,EOS,USD
HITBTC,ERO_BTC,EROBTC,ERO,BTC
HITBTC,ETBS_BTC,ETBSBTC,ETBS,BTC
HITBTC,ETC_BTC,ETCBTC,ETC,BTC
HITBTC,ETC_ETH,ETCETH,ETC,ETH
HITBTC,ETC_USD,ETCUSD,ETC,USD
HITBTC,ETH_BTC,ETHBTC,ETH,BTC
HITBTC,ETH_USD,ETHUSD,ETH,USD
HITBTC,ETP_BTC,ETPBTC,ETP,BTC
HITBTC,ETP_ETH,ETPETH,ETP,ETH
HITBTC,ETP_USD,ETPUSD,ETP,USD
HITBTC,EVN_BTC,EVNBTC,EVN,BTC
HITBTC,EVX_BTC,EVXBTC,EVX,BTC
HITBTC,EVX_ETH,EVXETH,EVX,ETH
HITBTC,EVX_USD,EVXUSD,EVX,USD
HITBTC,EXN_BTC,EXNBTC,EXN,BTC
HITBTC,FCN_BTC,FCNBTC,FCN,BTC
HITBTC,FLP_BTC,FLPBTC,FLP,BTC
HITBTC,FLP_ETH,FLPETH,FLP,ETH
HITBTC,FLP_USD,FLPUSD,FLP,USD
HITBTC,FRD_BTC,FRDBTC,FRD,BTC
HITBTC,FUEL_BTC,FUELBTC,FUEL,BTC
HITBTC,FUEL_ETH,FUELETH,FUEL,ETH
HITBTC,FUEL_USD,FUELUSD,FUEL,USD
HITBTC,FUN_BTC,FUNBTC,FUN,BTC
HITBTC,FUN_ETH,FUNETH,FUN,ETH
HITBTC,FUN_USD,FUNUSD,FUN,USD
HITBTC,FYN_ETH,FYNETH,FYN,ETH
HITBTC,FYP_BTC,FYPBTC,FYP,BTC
HITBTC,GAME_BTC,GAMEBTC,GAME,BTC
HITBTC,GNO_BTC,GNOBTC,GNO,BTC
HITBTC,GNO_ETH,GNOETH,GNO,ETH
HITBTC,GNX_ETH,GNXETH,GNX,ETH
HITBTC,GRMD_BTC,GRMDBTC,GRMD,BTC
HITBTC,GUP_BTC,GUPBTC,GUP,BTC
HITBTC,GVT_ETH,GVTETH,GVT,ETH
HITBTC,HAC_BTC,HACBTC,HAC,BTC
HITBTC,HAND_ETH,HANDETH,HAND,ETH
HITBTC,HAND_USD,HANDUSD,HAND,USD
HITBTC,HGT_ETH,HGTETH,HGT,ETH
HITBTC,HPC_BTC,HPCBTC,HPC,BTC
HITBTC,HSR_BTC,HSRBTC,HSR,BTC
HITBTC,HVN_BTC,HVNBTC,HVN,BTC
HITBTC,HVN_ETH,HVNETH,HVN,ETH
HITBTC,ICN_BTC,ICNBTC,ICN,BTC
HITBTC,ICO_BTC,ICOBTC,ICO,BTC
HITBTC,ICOS_BTC,ICOSBTC,ICOS,BTC
HITBTC,ICOS_ETH,ICOSETH,ICOS,ETH
HITBTC,ICOS_USD,ICOSUSD,ICOS,USD
HITBTC,ICX_BTC,ICXBTC,ICX,BTC
HITBTC,ICX_ETH,ICXETH,ICX,ETH
HITBTC,ICX_USD,ICXUSD,ICX,USD
HITBTC,IDH_BTC,IDHBTC,IDH,BTC
HITBTC,IDH_ETH,IDHETH,IDH,ETH
HITBTC,IGNIS_ETH,IGNISETH,IGNIS,ETH
HITBTC,IND_ETH,INDETH,IND,ETH
HITBTC,INDI_BTC,INDIBTC,INDI,BTC
HITBTC,IPL_BTC,IPLBTC,IPL,BTC
HITBTC,ITS_BTC,ITSBTC,ITS,BTC
HITBTC,IXT_BTC,IXTBTC,IXT,BTC
HITBTC,IXT_ETH,IXTETH,IXT,ETH
HITBTC,JNT_ETH,JNTETH,JNT,ETH
HITBTC,KBR_BTC,KBRBTC,KBR,BTC
HITBTC,KICK_BTC,KICKBTC,KICK,BTC
HITBTC,KMD_BTC,KMDBTC,KMD,BTC
HITBTC,KMD_ETH,KMDETH,KMD,ETH
HITBTC,KMD_USD,KMDUSD,KMD,USD
HITBTC,LA_ETH,LAETH,LA,ETH
HITBTC,LAT_BTC,LATBTC,LAT,BTC
HITBTC,LEND_BTC,LENDBTC,LEND,BTC
HITBTC,LEND_ETH,LENDETH,LEND,ETH
HITBTC,LIFE_BTC,LIFEBTC,LIFE,BTC
HITBTC,LOC_BTC,LOCBTC,LOC,BTC
HITBTC,LOC_ETH,LOCETH,LOC,ETH
HITBTC,LOC_USD,LOCUSD,LOC,USD
HITBTC,LRC_BTC,LRCBTC,LRC,BTC
HITBTC,LRC_ETH,LRCETH,LRC,ETH
HITBTC,LSK_BTC,LSKBTC,LSK,BTC
HITBTC,LSK_ETH,LSKETH,LSK,ETH
HITBTC,LSK_USD,LSKUSD,LSK,USD
HITBTC,LTC_BTC,LTCBTC,LTC,BTC
HITBTC,LTC_ETH,LTCETH,LTC,ETH
HITBTC,LTC_USD,LTCUSD,LTC,USD
HITBTC,LUN_BTC,LUNBTC,LUN,BTC
HITBTC,MAID_BTC,MAIDBTC,MAID,BTC
HITBTC,MAID_ETH,MAIDETH,MAID,ETH
HITBTC,MAID_USD,MAIDUSD,MAID,USD
HITBTC,MANA_BTC,MANABTC,MANA,BTC
HITBTC,MANA_ETH,MANAETH,MANA,ETH
HITBTC,MANA_USD,MANAUSD,MANA,USD
HITBTC,MCAP_BTC,MCAPBTC,MCAP,BTC
HITBTC,MCO_BTC,MCOBTC,MCO,BTC
HITBTC,MCO_ETH,MCOETH,MCO,ETH
HITBTC,MCO_USD,MCOUSD,MCO,USD
HITBTC,MEK_BTC,MEKBTC,MEK,BTC
HITBTC,MIPS_BTC,MIPSBTC,MIPS,BTC
HITBTC,MNE_BTC,MNEBTC,MNE,BTC
HITBTC,MSP_ETH,MSPETH,MSP,ETH
HITBTC,MTH_BTC,MTHBTC,MTH,BTC
HITBTC,MTH_ETH,MTHETH,MTH,ETH
HITBTC,MYB_ETH,MYBETH,MYB,ETH
HITBTC,NDC_ETH,NDCETH,NDC,ETH
HITBTC,NEBL_BTC,NEBLBTC,NEBL,BTC
HITBTC,NEBL_ETH,NEBLETH,NEBL,ETH
HITBTC,NEO_BTC,NEOBTC,NEO,BTC
HITBTC,NEO_ETH,NEOETH,NEO,ETH
HITBTC,NEO_USD,NEOUSD,NEO,USD
HITBTC,NET_ETH,NETETH,NET,ETH
HITBTC,NEU_BTC,NEUBTC,NEU,BTC
HITBTC,NEU_ETH,NEUETH,NEU,ETH
HITBTC,NEU_USD,NEUUSD,NEU,USD
HITBTC,NGC_BTC,NGCBTC,NGC,BTC
HITBTC,NGC_ETH,NGCETH,NGC,ETH
HITBTC,NGC_USD,NGCUSD,NGC,USD
HITBTC,NTO_BTC,NTOBTC,NTO,BTC
HITBTC,NXC_BTC,NXCBTC,NXC,BTC
HITBTC,NXT_BTC,NXTBTC,NXT,BTC
HITBTC,NXT_ETH,NXTETH,NXT,ETH
HITBTC,NXT_USD,NXTUSD,NXT,USD
HITBTC,OAX_BTC,OAXBTC,OAX,BTC
HITBTC,OAX_ETH,OAXETH,OAX,ETH
HITBTC,OAX_USD,OAXUSD,OAX,USD
HITBTC,ODN_BTC,ODNBTC,ODN,BTC
HITBTC,OMG_BTC,OMGBTC,OMG,BTC
HITBTC,OMG_ETH,OMGETH,OMG,ETH
HITBTC,OMG_USD,OMGUSD,OMG,USD
HITBTC,OPT_BTC,OPTBTC,OPT,BTC
HITBTC,ORME_BTC,ORMEBTC,ORME,BTC
HITBTC,OTN_BTC,OTNBTC,OTN,BTC
HITBTC,OTX_BTC,OTXBTC,OTX,BTC
HITBTC,PAY_BTC,PAYBTC,PAY,BTC
HITBTC,PAY_ETH,PAYETH,PAY,ETH
HITBTC,PCL_BTC,PCLBTC,PCL,BTC
HITBTC,PCL_ETH,PCLETH,PCL,ETH
HITBTC,PING_BTC,PINGBTC,PING,BTC
HITBTC,PIX_BTC,PIXBTC,PIX,BTC
HITBTC,PIX_ETH,PIXETH,PIX,ETH
HITBTC,PKT_BTC,PKTBTC,PKT,BTC
HITBTC,PKT_ETH,PKTETH,PKT,ETH
HITBTC,PLBT_BTC,PLBTBTC,PLBT,BTC
HITBTC,PLR_BTC,PLRBTC,PLR,BTC
HITBTC,PLR_ETH,PLRETH,PLR,ETH
HITBTC,PLR_USD,PLRUSD,PLR,USD
HITBTC,PLU_BTC,PLUBTC,PLU,BTC
HITBTC,PLU_ETH,PLUETH,PLU,ETH
HITBTC,POE_BTC,POEBTC,POE,BTC
HITBTC,POE_ETH,POEETH,POE,ETH
HITBTC,POLL_BTC,POLLBTC,POLL,BTC
HITBTC,PPC_BTC,PPCBTC,PPC,BTC
HITBTC,PPC_USD,PPCUSD,PPC,USD
HITBTC,PPT_BTC,PPTBTC,PPT,BTC
HITBTC,PPT_ETH,PPTETH,PPT,ETH
HITBTC,PRE_BTC,PREBTC,PRE,BTC
HITBTC,PRG_BTC,PRGBTC,PRG,BTC
HITBTC,PRG_ETH,PRGETH,PRG,ETH
HITBTC,PRG_USD,PRGUSD,PRG,USD
HITBTC,PRO_ETH,PROETH,PRO,ETH
HITBTC,PTOY_BTC,PTOYBTC,PTOY,BTC
HITBTC,PTOY_ETH,PTOYETH,PTOY,ETH
HITBTC,QAU_BTC,QAUBTC,QAU,BTC
HITBTC,QAU_ETH,QAUETH,QAU,ETH
HITBTC,QCN_BTC,QCNBTC,QCN,BTC
HITBTC,QTUM_BTC,QTUMBTC,QTUM,BTC
HITBTC,QTUM_ETH,QTUMETH,QTUM,ETH
HITBTC,QTUM_USD,QTUMUSD,QTUM,USD
HITBTC,QVT_ETH,QVTETH,QVT,ETH
HITBTC,R_BTC,RBTC,R,BTC
HITBTC,REP_BTC,REPBTC,REP,BTC
HITBTC,REP_ETH,REPETH,REP,ETH
HITBTC,REP_USDT,REPUSDT,REP,USDT
HITBTC,R_ETH,RETH,R,ETH
HITBTC,RKC_ETH,RKCETH,RKC,ETH
HITBTC,RLC_BTC,RLCBTC,RLC,BTC
HITBTC,RNTB_ETH,RNTBETH,RNTB,ETH
HITBTC,RVT_BTC,RVTBTC,RVT,BTC
HITBTC,SAN_ETH,SANETH,SAN,ETH
HITBTC,SBD_BTC,SBDBTC,SBD,BTC
HITBTC,SBTC_BTC,SBTCBTC,SBTC,BTC
HITBTC,SBTC_ETH,SBTCETH,SBTC,ETH
HITBTC,SBTC_USDT,SBTCUSDT,SBTC,USDT
HITBTC,SC_BTC,SCBTC,SC,BTC
HITBTC,SCL_BTC,SCLBTC,SCL,BTC
HITBTC,SENT_BTC,SENTBTC,SENT,BTC
HITBTC,SENT_ETH,SENTETH,SENT,ETH
HITBTC,SENT_USD,SENTUSD,SENT,USD
HITBTC,SISA_BTC,SISABTC,SISA,BTC
HITBTC,SISA_ETH,SISAETH,SISA,ETH
HITBTC,SKIN_BTC,SKINBTC,SKIN,BTC
HITBTC,SMART_BTC,SMARTBTC,SMART,BTC
HITBTC,SMART_ETH,SMARTETH,SMART,ETH
HITBTC,SMART_USD,SMARTUSD,SMART,USD
HITBTC,SMS_BTC,SMSBTC,SMS,BTC
HITBTC,SMS_ETH,SMSETH,SMS,ETH
HITBTC,SMS_USD,SMSUSD,SMS,USD
HITBTC,SMT_BTC,SMTBTC,SMT,BTC
HITBTC,SMT_ETH,SMTETH,SMT,ETH
HITBTC,SMT_USD,SMTUSD,SMT,USD
HITBTC,SNC_BTC,SNCBTC,SNC,BTC
HITBTC,SNC_ETH,SNCETH,SNC,ETH
HITBTC,SNC_USD,SNCUSD,SNC,USD
HITBTC,SNGLS_BTC,SNGLSBTC,SNGLS,BTC
HITBTC,SNM_BTC,SNMBTC,SNM,BTC
HITBTC,SNM_ETH,SNMETH,SNM,ETH
HITBTC,SNT_BTC,SNTBTC,SNT,BTC
HITBTC,SNT_ETH,SNTETH,SNT,ETH
HITBTC,SNT_USD,SNTUSD,SNT,USD
HITBTC,SPF_ETH,SPFETH,SPF,ETH
HITBTC,STEEM_BTC,STEEMBTC,STEEM,BTC
HITBTC,STORM_BTC,STORMBTC,STORM,BTC
HITBTC,STRAT_BTC,STRATBTC,STRAT,BTC
HITBTC,STRAT_ETH,STRATETH,STRAT,ETH
HITBTC,STRAT_USD,STRATUSD,STRAT,USD
HITBTC,STU_BTC,STUBTC,STU,BTC
HITBTC,STU_ETH,STUETH,STU,ETH
HITBTC,STU_USD,STUUSD,STU,USD
HITBTC,STX_BTC,STXBTC,STX,BTC
HITBTC,STX_ETH,STXETH,STX,ETH
HITBTC,STX_USD,STXUSD,STX,USD
HITBTC,SUB_BTC,SUBBTC,SUB,BTC
HITBTC,SUB_ETH,SUBETH,SUB,ETH
HITBTC,SUB_USD,SUBUSD,SUB,USD
HITBTC,SUR_BTC,SURBTC,SUR,BTC
HITBTC,SUR_ETH,SURETH,SUR,ETH
HITBTC,SUR_USD,SURUSD,SUR,USD
HITBTC,SWFTC_BTC,SWFTCBTC,SWFTC,BTC
HITBTC,SWFTC_ETH,SWFTCETH,SWFTC,ETH
HITBTC,SWFTC_USD,SWFTCUSD,SWFTC,USD
HITBTC,SWT_BTC,SWTBTC,SWT,BTC
HITBTC,SWT_ETH,SWTETH,SWT,ETH
HITBTC,TAAS_BTC,TAASBTC,TAAS,BTC
HITBTC,TAAS_ETH,TAASETH,TAAS,ETH
HITBTC,TAU_BTC,TAUBTC,TAU,BTC
HITBTC,TBT_BTC,TBTBTC,TBT,BTC
HITBTC,TGT_BTC,TGTBTC,TGT,BTC
HITBTC,TIME_BTC,TIMEBTC,TIME,BTC
HITBTC,TIME_ETH,TIMEETH,TIME,ETH
HITBTC,TIO_BTC,TIOBTC,TIO,BTC
HITBTC,TIO_ETH,TIOETH,TIO,ETH
HITBTC,TIO_USD,TIOUSD,TIO,USD
HITBTC,TIX_ETH,TIXETH,TIX,ETH
HITBTC,TKN_BTC,TKNBTC,TKN,BTC
HITBTC,TKR_ETH,TKRETH,TKR,ETH
HITBTC,TNT_BTC,TNTBTC,TNT,BTC
HITBTC,TNT_ETH,TNTETH,TNT,ETH
HITBTC,TNT_USD,TNTUSD,TNT,USD
HITBTC,TRAC_ETH,TRACETH,TRAC,ETH
HITBTC,TRST_BTC,TRSTBTC,TRST,BTC
HITBTC,TRX_BTC,TRXBTC,TRX,BTC
HITBTC,TRX_ETH,TRXETH,TRX,ETH
HITBTC,TRX_USD,TRXUSD,TRX,USD
HITBTC,UET_ETH,UETETH,UET,ETH
HITBTC,ULTC_BTC,ULTCBTC,ULTC,BTC
HITBTC,UTK_BTC,UTKBTC,UTK,BTC
HITBTC,UTK_ETH,UTKETH,UTK,ETH
HITBTC,UTK_USD,UTKUSD,UTK,USD
HITBTC,UTNP_BTC,UTNPBTC,UTNP,BTC
HITBTC,UTNP_ETH,UTNPETH,UTNP,ETH
HITBTC,UTNP_USD,UTNPUSD,UTNP,USD
HITBTC,UTT_BTC,UTTBTC,UTT,BTC
HITBTC,UTT_ETH,UTTETH,UTT,ETH
HITBTC,UTT_USD,UTTUSD,UTT,USD
HITBTC,VEN_BTC,VENBTC,VEN,BTC
HITBTC,VEN_ETH,VENETH,VEN,ETH
HITBTC,VEN_USD,VENUSD,VEN,USD
HITBTC,VERI_BTC,VERIBTC,VERI,BTC
HITBTC,VERI_ETH,VERIETH,VERI,ETH
HITBTC,VERI_USD,VERIUSD,VERI,USD
HITBTC,VIB_BTC,VIBBTC,VIB,BTC
HITBTC,VIBE_BTC,VIBEBTC,VIBE,BTC
HITBTC,VIB_ETH,VIBETH,VIB,ETH
HITBTC,VIB_USD,VIBUSD,VIB,USD
HITBTC,VOISE_BTC,VOISEBTC,VOISE,BTC
HITBTC,W3C_BTC,W3CBTC,W3C,BTC
HITBTC,W3C_ETH,W3CETH,W3C,ETH
HITBTC,WAVES_BTC,WAVESBTC,WAVES,BTC
HITBTC,WAX_BTC,WAXBTC,WAX,BTC
HITBTC,WAX_ETH,WAXETH,WAX,ETH
HITBTC,WAX_USD,WAXUSD,WAX,USD
HITBTC,WINGS_BTC,WINGSBTC,WINGS,BTC
HITBTC,WLK_BTC,WLKBTC,WLK,BTC
HITBTC,WLK_ETH,WLKETH,WLK,ETH
HITBTC,WLK_USD,WLKUSD,WLK,USD
HITBTC,WMGO_BTC,WMGOBTC,WMGO,BTC
HITBTC,WMGO_USD,WMGOUSD,WMGO,USD
HITBTC,WRC_BTC,WRCBTC,WRC,BTC
HITBTC,WRC_ETH,WRCETH,WRC,ETH
HITBTC,WRC_USD,WRCUSD,WRC,USD
HITBTC,WTC_BTC,WTCBTC,WTC,BTC
HITBTC,XAUR_BTC,XAURBTC,XAUR,BTC
HITBTC,XAUR_ETH,XAURETH,XAUR,ETH
HITBTC,XDN_BTC,XDNBTC,XDN,BTC
HITBTC,XDNCO_BTC,XDNCOBTC,XDNCO,BTC
HITBTC,XDN_ETH,XDNETH,XDN,ETH
HITBTC,XDN_USD,XDNUSD,XDN,USD
HITBTC,XEM_BTC,XEMBTC,XEM,BTC
HITBTC,XEM_ETH,XEMETH,XEM,ETH
HITBTC,XEM_USD,XEMUSD,XEM,USD
HITBTC,XMR_BTC,XMRBTC,XMR,BTC
HITBTC,XMR_ETH,XMRETH,XMR,ETH
HITBTC,XMR_USD,XMRUSD,XMR,USD
HITBTC,XRP_BTC,XRPBTC,XRP,BTC
HITBTC,XRP_ETH,XRPETH,XRP,ETH
HITBTC,XRP_USDT,XRPUSDT,XRP,USDT
HITBTC,XTZ_BTC,XTZBTC,XTZ,BTC
HITBTC,XTZ_ETH,XTZETH,XTZ,ETH
HITBTC,XTZ_USD,XTZUSD,XTZ,USD
HITBTC,XUC_BTC,XUCBTC,XUC,BTC
HITBTC,XUC_ETH,XUCETH,XUC,ETH
HITBTC,XUC_USD,XUCUSD,XUC,USD
HITBTC,XVG_BTC,XVGBTC,XVG,BTC
HITBTC,XVG_ETH,XVGETH,XVG,ETH
HITBTC,XVG_USD,XVGUSD,XVG,USD
HITBTC,YOYOW_BTC,YOYOWBTC,YOYOW,BTC
HITBTC,ZAP_BTC,ZAPBTC,ZAP,BTC
HITBTC,ZEC_BTC,ZECBTC,ZEC,BTC
HITBTC,ZEC_ETH,ZECETH,ZEC,ETH
HITBTC,ZEC_USD,ZECUSD,ZEC,USD
HITBTC,ZRC_BTC,ZRCBTC,ZRC,BTC
HITBTC,ZRX_BTC,ZRXBTC,ZRX,BTC
HITBTC,ZRX_ETH,ZRXETH,ZRX,ETH
HITBTC,ZRX_USD,ZRXUSD,ZRX,USD
HITBTC,ZSC_BTC,ZSCBTC,ZSC,BTC
HITBTC,ZSC_ETH,ZSCETH,ZSC,ETH
HITBTC,ZSC_USD,ZSCUSD,ZSC,USD
ITBIT,XBT_EUR,XBTEUR,XBT,EUR
ITBIT,XBT_SGD,XBTSGD,XBT,SGD
ITBIT,XBT_USD,XBTUSD,XBT,USD
KRAKEN,BCH_EUR,BCHEUR,BCH,EUR
KRAKEN,BCH_USD,BCHUSD,BCH,USD
KRAKEN,BCH_BTC,BCHXBT,BCH,BTC
KRAKEN,DASH_EUR,DASHEUR,DASH,EUR
KRAKEN,DASH_USD,DASHUSD,DASH,USD
KRAKEN,DASH_BTC,DASHXBT,DASH,BTC
KRAKEN,EOS_ETH,EOSETH,EOS,ETH
KRAKEN,EOS_EUR,EOSEUR,EOS,EUR
KRAKEN,EOS_USD,EOSUSD,EOS,USD
KRAKEN,EOS_BTC,EOSXBT,EOS,BTC
KRAKEN,GNO_ETH,GNOETH,GNO,ETH
KRAKEN,GNO_EUR,GNOEUR,GNO,EUR
KRAKEN,GNO_USD,GNOUSD,GNO,USD
KRAKEN,GNO_BTC,GNOXBT,GNO,BTC
KRAKEN,USDT_USD,USDTZUSD,USDT,ZUSD
KRAKEN,ETC_ETH,XETCXETH,ETC,ETH
KRAKEN,ETC_BTC,XETCXXBT,XETC,BTC
KRAKEN,ETC_EUR,XETCZEUR,XETC,ZEUR
KRAKEN,ETC_USD,XETCZUSD,XETC,ZUSD
KRAKEN,ETH_BTC,XETHXXBT,XETH,BTC
KRAKEN,ETH_CAD,XETHZCAD,XETH,ZCAD
KRAKEN,ETH_EUR,XETHZEUR,XETH,ZEUR
KRAKEN,ETH_GBP,XETHZGBP,ETH,GBP
KRAKEN,ETH_JPY,XETHZJPY,XETH,ZJPY
KRAKEN,ETH_USD,XETHZUSD,XETH,ZUSD
KRAKEN,ICN_ETH,XICNXETH,ICN,ETH
KRAKEN,ICN_BTC,XICNXXBT,XICN,BTC
KRAKEN,LTC_BTC,XLTCXXBT,XLTC,BTC
KRAKEN,LTC_EUR,XLTCZEUR,XLTC,ZEUR
KRAKEN,LTC_USD,XLTCZUSD,XLTC,ZUSD
KRAKEN,MLN_ETH,XMLNXETH,MLN,ETH
KRAKEN,MLN_BTC,XMLNXXBT,XMLN,BTC
KRAKEN,REP_ETH,XREPXETH,REP,ETH
KRAKEN,REP_BTC,XREPXXBT,XREP,BTC
KRAKEN,REP_EUR,XREPZEUR,XREP,ZEUR
KRAKEN,REP_USD,XREPZUSD,XREP,ZUSD
KRAKEN,BTC_CAD,XXBTZCAD,XXBT,ZCAD
KRAKEN,BTC_EUR,XXBTZEUR,XXBT,ZEUR
KRAKEN,XBT_GBP,XXBTZGBP,XBT,GBP
KRAKEN,BTC_JPY,XXBTZJPY,XXBT,ZJPY
KRAKEN,BTC_USD,XXBTZUSD,XXBT,ZUSD
KRAKEN,DOGE_BTC,XXDGXXBT,XXDG,BTC
KRAKEN,XLM_BTC,XXLMXXBT,XXLM,BTC
KRAKEN,XLM_EUR,XXLMZEUR,XXLM,ZEUR
KRAKEN,XLM_USD,XXLMZUSD,XXLM,ZUSD
KRAKEN,XMR_BTC,XXMRXXBT,XXMR,BTC
KRAKEN,XMR_EUR,XXMRZEUR,XXMR,ZEUR
KRAKEN,XMR_USD,XXMRZUSD,XXMR,ZUSD
KRAKEN,XRP_BTC,XXRPXXBT,XXRP,BTC
KRAKEN,XRP_CAD,XXRPZCAD,XXRP,ZCAD
KRAKEN,XRP_EUR,XXRPZEUR,XXRP,ZEUR
KRAKEN,XRP_JPY,XXRPZJPY,XXRP,ZJPY
KRAKEN,XRP_USD,XXRPZUSD,XXRP,ZUSD
KRAKEN,ZEC_BTC,XZECXXBT,XZEC,BTC
KRAKEN,ZEC_EUR,XZECZEUR,XZEC,ZEUR
KRAKEN,ZEC_JPY,XZECZJPY,XZEC,ZJPY
KRAKEN,ZEC_USD,XZECZUSD,XZEC,ZUSD
POLONIEX,AMP_BTC,BTC_AMP,AMP,BTC
POLONIEX,ARDR_BTC,BTC_ARDR,ARDR,BTC
POLONIEX,BCH_BTC,BTC_BCH,BCH,BTC
POLONIEX,BCN_BTC,BTC_BCN,BCN,BTC
POLONIEX,BCY_BTC,BTC_BCY,BCY,BTC
POLONIEX,BELA_BTC,BTC_BELA,BELA,BTC
POLONIEX,BLK_BTC,BTC_BLK,BLK,BTC
POLONIEX,BTCD_BTC,BTC_BTCD,BTCD,BTC
POLONIEX,BTM_BTC,BTC_BTM,BTM,BTC
POLONIEX,BTS_BTC,BTC_BTS,BTS,BTC
POLONIEX,BURST_BTC,BTC_BURST,BURST,BTC
POLONIEX,CLAM_BTC,BTC_CLAM,CLAM,BTC
POLONIEX,CVC_BTC,BTC_CVC,CVC,BTC
POLONIEX,DASH_BTC,BTC_DASH,DASH,BTC
POLONIEX,DCR_BTC,BTC_DCR,DCR,BTC
POLONIEX,DGB_BTC,BTC_DGB,DGB,BTC
POLONIEX,DOGE_BTC,BTC_DOGE,DOGE,BTC
POLONIEX,EMC2_BTC,BTC_EMC2,EMC2,BTC
POLONIEX,ETC_BTC,BTC_ETC,ETC,BTC
POLONIEX,ETH_BTC,BTC_ETH,ETH,BTC
POLONIEX,EXP_BTC,BTC_EXP,EXP,BTC
POLONIEX,FCT_BTC,BTC_FCT,FCT,BTC
POLONIEX,FLDC_BTC,BTC_FLDC,FLDC,BTC
POLONIEX,FLO_BTC,BTC_FLO,FLO,BTC
POLONIEX,GAME_BTC,BTC_GAME,GAME,BTC
POLONIEX,GAS_BTC,BTC_GAS,GAS,BTC
POLONIEX,GNO_BTC,BTC_GNO,GNO,BTC
POLONIEX,GNT_BTC,BTC_GNT,GNT,BTC
POLONIEX,GRC_BTC,BTC_GRC,GRC,BTC
POLONIEX,HUC_BTC,BTC_HUC,HUC,BTC
POLONIEX,LBC_BTC,BTC_LBC,LBC,BTC
POLONIEX,LSK_BTC,BTC_LSK,LSK,BTC
POLONIEX,LTC_BTC,BTC_LTC,LTC,BTC
POLONIEX,MAID_BTC,BTC_MAID,MAID,BTC
POLONIEX,NAV_BTC,BTC_NAV,NAV,BTC
POLONIEX,NEOS_BTC,BTC_NEOS,NEOS,BTC
POLONIEX,NMC_BTC,BTC_NMC,NMC,BTC
POLONIEX,NXC_BTC,BTC_NXC,NXC,BTC
POLONIEX,NXT_BTC,BTC_NXT,NXT,BTC
POLONIEX,OMG_BTC,BTC_OMG,OMG,BTC
POLONIEX,OMNI_BTC,BTC_OMNI,OMNI,BTC
POLONIEX,PASC_BTC,BTC_PASC,PASC,BTC
POLONIEX,PINK_BTC,BTC_PINK,PINK,BTC
POLONIEX,POT_BTC,BTC_POT,POT,BTC
POLONIEX,PPC_BTC,BTC_PPC,PPC,BTC
POLONIEX,RADS_BTC,BTC_RADS,RADS,BTC
POLONIEX,REP_BTC,BTC_REP,REP,BTC
POLONIEX,RIC_BTC,BTC_RIC,RIC,BTC
POLONIEX,SBD_BTC,BTC_SBD,SBD,BTC
POLONIEX,SC_BTC,BTC_SC,SC,BTC
POLONIEX,STEEM_BTC,BTC_STEEM,STEEM,BTC
POLONIEX,STORJ_BTC,BTC_STORJ,STORJ,BTC
POLONIEX,STR_BTC,BTC_STR,STR,BTC
POLONIEX,STRAT_BTC,BTC_STRAT,STRAT,BTC
POLONIEX,SYS_BTC,BTC_SYS,SYS,BTC
POLONIEX,VIA_BTC,BTC_VIA,VIA,BTC
POLONIEX,VRC_BTC,BTC_VRC,VRC,BTC
POLONIEX,VTC_BTC,BTC_VTC,VTC,BTC
POLONIEX,XBC_BTC,BTC_XBC,XBC,BTC
POLONIEX,XCP_BTC,BTC_XCP,XCP,BTC
POLONIEX,XEM_BTC,BTC_XEM,XEM,BTC
POLONIEX,XMR_BTC,BTC_XMR,XMR,BTC
POLONIEX,XPM_BTC,BTC_XPM,XPM,BTC
POLONIEX,XRP_BTC,BTC_XRP,XRP,BTC
POLONIEX,XVC_BTC,BTC_XVC,XVC,BTC
POLONIEX,ZEC_BTC,BTC_ZEC,ZEC,BTC
POLONIEX,ZRX_BTC,BTC_ZRX,ZRX,BTC
POLONIEX,BCH_ETH,ETH_BCH,BCH,ETH
POLONIEX,CVC_ETH,ETH_CVC,CVC,ETH
POLONIEX,ETC_ETH,ETH_ETC,ETC,ETH
POLONIEX,GAS_ETH,ETH_GAS,GAS,ETH
POLONIEX,GNO_ETH,ETH_GNO,GNO,ETH
POLONIEX,GNT_ETH,ETH_GNT,GNT,ETH
POLONIEX,LSK_ETH,ETH_LSK,LSK,ETH
POLONIEX,OMG_ETH,ETH_OMG,OMG,ETH
POLONIEX,REP_ETH,ETH_REP,REP,ETH
POLONIEX,STEEM_ETH,ETH_STEEM,STEEM,ETH
POLONIEX,ZEC_ETH,ETH_ZEC,ZEC,ETH
POLONIEX,ZRX_ETH,ETH_ZRX,ZRX,ETH
POLONIEX,BCH_USDT,USDT_BCH,BCH,USDT
POLONIEX,BTC_USDT,USDT_BTC,BTC,USDT
POLONIEX,DASH_USDT,USDT_DASH,DASH,USDT
POLONIEX,ETC_USDT,USDT_ETC,ETC,USDT
POLONIEX,ETH_USDT,USDT_ETH,ETH,USDT
POLONIEX,LTC_USDT,USDT_LTC,LTC,USDT
POLONIEX,NXT_USDT,USDT_NXT,NXT,USDT
POLONIEX,REP_USDT,USDT_REP,REP,USDT
POLONIEX,STR_USDT,USDT_STR,STR,USDT
POLONIEX,XMR_USDT,USDT_XMR,XMR,USDT
POLONIEX,XRP_USDT,USDT_XRP,XRP,USDT
POLONIEX,ZEC_USDT,USDT_ZEC,ZEC,USDT
POLONIEX,BCN_XMR,XMR_BCN,BCN,XMR
POLONIEX,BLK_XMR,XMR_BLK,BLK,XMR
POLONIEX,BTCD_XMR,XMR_BTCD,BTCD,XMR
POLONIEX,DASH_XMR,XMR_DASH,DASH,XMR
POLONIEX,LTC_XMR,XMR_LTC,LTC,XMR
POLONIEX,MAID_XMR,XMR_MAID,MAID,XMR
POLONIEX,NXT_XMR,XMR_NXT,NXT,XMR
POLONIEX,ZEC_XMR,XMR_ZEC,ZEC,XMR
GEMINI,BTC_USD,btcusd,BTC,USD
GEMINI,ETH_BTC,ethbtc,ETH,BTC
GEMINI,ETH_USD,ethusd,ETH,USD
VAULTORO,_,BTC-GLD,,
