Binance,BINA			
Bitcoin Exchange Thailand,BXTH			
Bitcoin Indonesia,BIND			
Bitfinex,BITF			
BitFlyer,FLYR			
Bithumb,BTHM			
BitMEX,BMEX			
Bitstamp,BITS			
Bittrex,BTRX			
Bleutrade,BLEU			
BTC Markets,BTCM			
C-Cex,CCEX			
CEX.IO,CXIO			
Coincheck,CCJP			
Coinmate,MATE			
Coinone,CONE			
Coinsbank,CBNK			
Cryptopia,CPIA			
Exmo,EXMO			
Gatecoin,GATE			
Gemini,GMNI			
Global Digital Asset Exchange,GDAX			
HitBTC,HITB			
ItBit,ITBT			
Korbit,KBIT			
Kraken,KRKN			
LakeBTC,LAKE			
Liqui.io,LIQU			
Livecoin,LIVE			
MercadoBitcoin,MERC			
OKCoin Futures,OKFT			
OKEX,OKEX			
Paymium,PAYM			
Poloniex,PLNX			
QuadrigaCX,QCX			
The Rock,ROCK			
Vaultoro,GOLD			
Virwox,VWOX			
Yobit,YOBT