Script,Description
copper_chart.py,Chart the latest dataframe file for copper spread premium/discount
create_copper_discount_df.py,Create dataframe file for historical copper spread premium/discount
create_crypto_historical_coinmetrics.py,Download latest historical data from coinmetrics
create_es_vix_quartiles_df.py,Create Quartiles dataframe file: ES quartiles based on VIX
create_nq_vxn_quartiles_df.py,Create Quartiles dataframe file: NQ quartiles based on VXN
create_vx_calendar.py,Create dataframe file containing VX calendar analysis
create_vx_contango_df.py,Create dataframe file for full VX contango analysis ("Candy Store")
create_vx_vvix_quartiles_df.py,Create Quartiles dataframe file: VIX quartiles based on VVIX
data_sanity_check.py,For DF_DATA folder: check each dataframe file to confirm valid OHLC values
stationarity_analysis.py,Perform analysis if series are stationary (output to MISC folder)