Exchange,QuandlSymbol,Description
BATS,BATS/EDGA_BTC,Short Sale Market for Stock Symbol BTC on EDGA Exchange
BATS,BATS/BYXX_BTC,Short Sale Market for Stock Symbol BTC on BYXX Exchange
BATS,BATS/BATS_BTC,Short Sale Market for Stock Symbol BTC on BATS Exchange
BCHAIN,BCHAIN/TOTBC,Total Bitcoins
BCHAIN,BCHAIN/MKTCP,Bitcoin Market Capitalization
BCHAIN,BCHAIN/TRFEE,Bitcoin Total Transaction Fees
BCHAIN,BCHAIN/TRFUS,Bitcoin Total Transaction Fees USD
BCHAIN,BCHAIN/NETDF,Bitcoin Network Deficit
BCHAIN,BCHAIN/NTRAN,Bitcoin Number of Transactions
BCHAIN,BCHAIN/NTRAT,Bitcoin Total Number of Transactions
BCHAIN,BCHAIN/NTREP,Bitcoin Number of Transactions Excluding Popular Addresses
BCHAIN,BCHAIN/NADDU,Bitcoin Number of Unique Bitcoin Addresses Used
BCHAIN,BCHAIN/NTRBL,Bitcoin Number of Transaction per Block
BCHAIN,BCHAIN/TOUTV,Bitcoin Total Output Volume
BCHAIN,BCHAIN/ETRAV,Bitcoin Estimated Transaction Volume
BCHAIN,BCHAIN/ETRVU,Bitcoin Estimated Transaction Volume USD
BCHAIN,BCHAIN/TRVOU,Bitcoin USD Exchange Trade Volume
BCHAIN,BCHAIN/TVTVR,Bitcoin Trade Volume vs Transaction Volume Ratio
BCHAIN,BCHAIN/MKPRU,Bitcoin Market Price USD
BCHAIN,BCHAIN/CPTRV,Bitcoin Cost % of Transaction Volume
BCHAIN,BCHAIN/CPTRA,Bitcoin Cost Per Transaction
BCHAIN,BCHAIN/HRATE,Bitcoin Hash Rate
BCHAIN,BCHAIN/MIREV,Bitcoin Miners Revenue
BCHAIN,BCHAIN/ATRCT,Bitcoin Median Transaction Confirmation Time
BCHAIN,BCHAIN/BCDDC,Bitcoin Days Destroyed Cumulative
BCHAIN,BCHAIN/BCDDE,Bitcoin Days Destroyed
BCHAIN,BCHAIN/BCDDW,Bitcoin Days Destroyed (Minimum Age 1 Week)
BCHAIN,BCHAIN/BCDDM,Bitcoin Days Destroyed (Minimum Age 1 Month)
BCHAIN,BCHAIN/BCDDY,Bitcoin Days Destroyed (Minimum Age 1 Year)
BCHAIN,BCHAIN/BLCHS,Bitcoin api.blockchain Size
BCHAIN,BCHAIN/AVBLS,Bitcoin Average Block Size
BCHAIN,BCHAIN/MWTRV,Bitcoin My Wallet Transaction Volume
BCHAIN,BCHAIN/MWNUS,Bitcoin My Wallet Number of Users
BCHAIN,BCHAIN/MWNTD,Bitcoin My Wallet Number of Transaction Per Day
BCHAIN,BCHAIN/MIOPM,Bitcoin Mining Operating Margin
BCHAIN,BCHAIN/DIFF,Bitcoin Difficulty
BCHARTS,BCHARTS/MTGOXCHF,Bitcoin Markets (mtgoxCHF)
BCHARTS,BCHARTS/MTGOXUSD,Bitcoin Markets (mtgoxUSD)
BCHARTS,BCHARTS/LOCALBTCTHB,Bitcoin Markets (localbtcTHB)
BCHARTS,BCHARTS/KRAKENEUR,Bitcoin Markets (krakenEUR)
BCHARTS,BCHARTS/BITCUREXPLN,Bitcoin Markets (bitcurexPLN)
BCHARTS,BCHARTS/BTCNCNY,Bitcoin Markets (btcnCNY)
BCHARTS,BCHARTS/ROCKSLL,Bitcoin Markets (rockSLL)
BCHARTS,BCHARTS/JUSTLTC,Bitcoin Markets (justLTC)
BCHARTS,BCHARTS/B7USD,Bitcoin Markets (b7USD)
BCHARTS,BCHARTS/BTCOIDIDR,Bitcoin Markets (btcoidIDR)
BCHARTS,BCHARTS/BBMBRL,Bitcoin Markets (bbmBRL)
BCHARTS,BCHARTS/BCGBP,Bitcoin Markets (bcGBP)
BCHARTS,BCHARTS/BCMBMGAU,Bitcoin Markets (bcmBMGAU)
BCHARTS,BCHARTS/BCMBMUSD,Bitcoin Markets (bcmBMUSD)
BCHARTS,BCHARTS/BCMLRUSD,Bitcoin Markets (bcmLRUSD)
BCHARTS,BCHARTS/BCMMBUSD,Bitcoin Markets (bcmMBUSD)
BCHARTS,BCHARTS/FYBSESEK,Bitcoin Markets (fybseSEK)
BCHARTS,BCHARTS/MRCDBRL,Bitcoin Markets (mrcdBRL)
BCHARTS,BCHARTS/LYBITUSD,Bitcoin Markets (lybitUSD)
BCHARTS,BCHARTS/LYBITCAD,Bitcoin Markets (lybitCAD)
BCHARTS,BCHARTS/AQOINEUR,Bitcoin Markets (aqoinEUR)
BCHARTS,BCHARTS/B2CUSD,Bitcoin Markets (b2cUSD)
BCHARTS,BCHARTS/B7EUR,Bitcoin Markets (b7EUR)
BCHARTS,BCHARTS/LOCALBTCPLN,Bitcoin Markets (localbtcPLN)
BCHARTS,BCHARTS/FYBSGSGD,Bitcoin Markets (fybsgSGD)
BCHARTS,BCHARTS/CRYPTOXAUD,Bitcoin Markets (cryptoxAUD)
BCHARTS,BCHARTS/RUXUMAUD,Bitcoin Markets (ruxumAUD)
BCHARTS,BCHARTS/RUXUMCHF,Bitcoin Markets (ruxumCHF)
BCHARTS,BCHARTS/RUXUMEUR,Bitcoin Markets (ruxumEUR)
BCHARTS,BCHARTS/RUXUMGBP,Bitcoin Markets (ruxumGBP)
BCHARTS,BCHARTS/RUXUMHKD,Bitcoin Markets (ruxumHKD)
BCHARTS,BCHARTS/BTCHKEXHKD,Bitcoin Markets (btchkexHKD)
BCHARTS,BCHARTS/ANXHKUSD,Bitcoin Markets (anxhkUSD)
BCHARTS,BCHARTS/BITMEUSD,Bitcoin Markets (bitmeUSD)
BCHARTS,BCHARTS/CRYPTOXUSD,Bitcoin Markets (cryptoxUSD)
BCHARTS,BCHARTS/BITBOXUSD,Bitcoin Markets (bitboxUSD)
BCHARTS,BCHARTS/THCLP,Bitcoin Markets (thCLP)
BCHARTS,BCHARTS/THEUR,Bitcoin Markets (thEUR)
BCHARTS,BCHARTS/INTRSNGUSD,Bitcoin Markets (intrsngUSD)
BCHARTS,BCHARTS/BIT121GBP,Bitcoin Markets (bit121GBP)
BCHARTS,BCHARTS/RMBTBCNY,Bitcoin Markets (rmbtbCNY)
BCHARTS,BCHARTS/LOCALBTCBRL,Bitcoin Markets (localbtcBRL)
BCHARTS,BCHARTS/BTCEUSD,Bitcoin Markets (btceUSD)
BCHARTS,BCHARTS/BIDXTRMPLN,Bitcoin Markets (bidxtrmPLN)
BCHARTS,BCHARTS/VIRTEXCAD,Bitcoin Markets (virtexCAD)
BCHARTS,BCHARTS/WBXAUD,Bitcoin Markets (wbxAUD)
BCHARTS,BCHARTS/WEEXUSD,Bitcoin Markets (weexUSD)
BCHARTS,BCHARTS/WEEXAUD,Bitcoin Markets (weexAUD)
BCHARTS,BCHARTS/JUSTXRP,Bitcoin Markets (justXRP)
BCHARTS,BCHARTS/BITCASHCZK,Bitcoin Markets (bitcashCZK)
BCHARTS,BCHARTS/BITSTAMPUSD,Bitcoin Markets (bitstampUSD)
BCHARTS,BCHARTS/KRAKENXRP,Bitcoin Markets (krakenXRP)
BCHARTS,BCHARTS/BTCEEUR,Bitcoin Markets (btceEUR)
BCHARTS,BCHARTS/BCMPPUSD,Bitcoin Markets (bcmPPUSD)
BCHARTS,BCHARTS/BCMPXGAU,Bitcoin Markets (bcmPXGAU)
BCHARTS,BCHARTS/BITCHANGEPLN,Bitcoin Markets (bitchangePLN)
BCHARTS,BCHARTS/BITFLOORUSD,Bitcoin Markets (bitfloorUSD)
BCHARTS,BCHARTS/BITOMATPLN,Bitcoin Markets (bitomatPLN)
BCHARTS,BCHARTS/BRITCOINGBP,Bitcoin Markets (britcoinGBP)
BCHARTS,BCHARTS/BTC24EUR,Bitcoin Markets (btc24EUR)
BCHARTS,BCHARTS/BTC24USD,Bitcoin Markets (btc24USD)
BCHARTS,BCHARTS/BTCEXEUR,Bitcoin Markets (btcexEUR)
BCHARTS,BCHARTS/BTCEXJPY,Bitcoin Markets (btcexJPY)
BCHARTS,BCHARTS/BTCEXRUB,Bitcoin Markets (btcexRUB)
BCHARTS,BCHARTS/BTCEXUSD,Bitcoin Markets (btcexUSD)
BCHARTS,BCHARTS/BTCEXWMR,Bitcoin Markets (btcexWMR)
BCHARTS,BCHARTS/BTCEXWMZ,Bitcoin Markets (btcexWMZ)
BCHARTS,BCHARTS/BTCEXYAD,Bitcoin Markets (btcexYAD)
BCHARTS,BCHARTS/BTCTREEUSD,Bitcoin Markets (btctreeUSD)
BCHARTS,BCHARTS/EXCHBUSD,Bitcoin Markets (exchbUSD)
BCHARTS,BCHARTS/FBTCEUR,Bitcoin Markets (fbtcEUR)
BCHARTS,BCHARTS/FBTCUSD,Bitcoin Markets (fbtcUSD)
BCHARTS,BCHARTS/FRESHPLN,Bitcoin Markets (freshPLN)
BCHARTS,BCHARTS/GLOBALEUR,Bitcoin Markets (globalEUR)
BCHARTS,BCHARTS/GLOBALGBP,Bitcoin Markets (globalGBP)
BCHARTS,BCHARTS/GLOBALPLN,Bitcoin Markets (globalPLN)
BCHARTS,BCHARTS/GLOBALUSD,Bitcoin Markets (globalUSD)
BCHARTS,BCHARTS/IMCEXEUR,Bitcoin Markets (imcexEUR)
BCHARTS,BCHARTS/IMCEXUSD,Bitcoin Markets (imcexUSD)
BCHARTS,BCHARTS/RUXUMHUF,Bitcoin Markets (ruxumHUF)
BCHARTS,BCHARTS/RUXUMJPY,Bitcoin Markets (ruxumJPY)
BCHARTS,BCHARTS/RUXUMPLN,Bitcoin Markets (ruxumPLN)
BCHARTS,BCHARTS/RUXUMRUB,Bitcoin Markets (ruxumRUB)
BCHARTS,BCHARTS/RUXUMSEK,Bitcoin Markets (ruxumSEK)
BCHARTS,BCHARTS/RUXUMSGD,Bitcoin Markets (ruxumSGD)
BCHARTS,BCHARTS/RUXUMTHB,Bitcoin Markets (ruxumTHB)
BCHARTS,BCHARTS/RUXUMUAH,Bitcoin Markets (ruxumUAH)
BCHARTS,BCHARTS/RUXUMUSD,Bitcoin Markets (ruxumUSD)
BCHARTS,BCHARTS/RUXUMZAR,Bitcoin Markets (ruxumZAR)
BCHARTS,BCHARTS/SNWCNXRP,Bitcoin Markets (snwcnXRP)
BCHARTS,BCHARTS/THAUD,Bitcoin Markets (thAUD)
BCHARTS,BCHARTS/THINR,Bitcoin Markets (thINR)
BCHARTS,BCHARTS/THLRUSD,Bitcoin Markets (thLRUSD)
BCHARTS,BCHARTS/THUSD,Bitcoin Markets (thUSD)
BCHARTS,BCHARTS/MTGOXJPY,Bitcoin Markets (mtgoxJPY)
BCHARTS,BCHARTS/LOCALBTCUSD,Bitcoin Markets (localbtcUSD)
BCHARTS,BCHARTS/MTGOXGBP,Bitcoin Markets (mtgoxGBP)
BCHARTS,BCHARTS/VCXEUR,Bitcoin Markets (vcxEUR)
BCHARTS,BCHARTS/ROCKEUR,Bitcoin Markets (rockEUR)
BCHARTS,BCHARTS/COTRUSD,Bitcoin Markets (cotrUSD)
BCHARTS,BCHARTS/BITMELTC,Bitcoin Markets (bitmeLTC)
BCHARTS,BCHARTS/VIRWOXSLL,Bitcoin Markets (virwoxSLL)
BCHARTS,BCHARTS/KRAKENLTC,Bitcoin Markets (krakenLTC)
BCHARTS,BCHARTS/INTRSNGPLN,Bitcoin Markets (intrsngPLN)
BCHARTS,BCHARTS/LOCALBTCSGD,Bitcoin Markets (localbtcSGD)
BCHARTS,BCHARTS/BITALOPLN,Bitcoin Markets (bitaloPLN)
BCHARTS,BCHARTS/LOCALBTCNZD,Bitcoin Markets (localbtcNZD)
BCHARTS,BCHARTS/BITNZNZD,Bitcoin Markets (bitnzNZD)
BCHARTS,BCHARTS/LOCALBTCRUB,Bitcoin Markets (localbtcRUB)
BCHARTS,BCHARTS/LOCALBTCARS,Bitcoin Markets (localbtcARS)
BCHARTS,BCHARTS/LOCALBTCSEK,Bitcoin Markets (localbtcSEK)
BCHARTS,BCHARTS/HITBTCUSD,Bitcoin Markets (hitbtcUSD)
BCHARTS,BCHARTS/INTRSNGEUR,Bitcoin Markets (intrsngEUR)
BCHARTS,BCHARTS/KRAKENUSD,Bitcoin Markets (krakenUSD)
BCHARTS,BCHARTS/LOCALBTCZAR,Bitcoin Markets (localbtcZAR)
BCHARTS,BCHARTS/KPTNSEK,Bitcoin Markets (kptnSEK)
BCHARTS,BCHARTS/BITMARKETGBP,Bitcoin Markets (bitmarketGBP)
BCHARTS,BCHARTS/BITMARKETPLPLN,Bitcoin Markets (bitmarketplPLN)
BCHARTS,BCHARTS/LOCALBTCCHF,Bitcoin Markets (localbtcCHF)
BCHARTS,BCHARTS/BITFINEXUSD,Bitcoin Markets (bitfinexUSD)
BCHARTS,BCHARTS/HITBTCEUR,Bitcoin Markets (hitbtcEUR)
BCHARTS,BCHARTS/JUSTUSD,Bitcoin Markets (justUSD)
BCHARTS,BCHARTS/CBXUSD,Bitcoin Markets (cbxUSD)
BCHARTS,BCHARTS/WEEXCAD,Bitcoin Markets (weexCAD)
BCHARTS,BCHARTS/BITALOGBP,Bitcoin Markets (bitaloGBP)
BCHARTS,BCHARTS/INTRSNGGBP,Bitcoin Markets (intrsngGBP)
BCHARTS,BCHARTS/BTCDEEUR,Bitcoin Markets (btcdeEUR)
BCHARTS,BCHARTS/LAKEUSD,Bitcoin Markets (lakeUSD)
BCHARTS,BCHARTS/JUSTEUR,Bitcoin Markets (justEUR)
BCHARTS,BCHARTS/VCXUSD,Bitcoin Markets (vcxUSD)
BCHARTS,BCHARTS/JUSTNOK,Bitcoin Markets (justNOK)
BCHARTS,BCHARTS/CRYTRUSD,Bitcoin Markets (crytrUSD)
BCHARTS,BCHARTS/MTGOXPLN,Bitcoin Markets (mtgoxPLN)
BCHARTS,BCHARTS/LOCALBTCDKK,Bitcoin Markets (localbtcDKK)
BCHARTS,BCHARTS/LOCALBTCCZK,Bitcoin Markets (localbtcCZK)
BCHARTS,BCHARTS/MTGOXCAD,Bitcoin Markets (mtgoxCAD)
BCHARTS,BCHARTS/LOCALBTCEUR,Bitcoin Markets (localbtcEUR)
BCHARTS,BCHARTS/LOCALBTCINR,Bitcoin Markets (localbtcINR)
BCHARTS,BCHARTS/BITALOEUR,Bitcoin Markets (bitaloEUR)
BCHARTS,BCHARTS/MTGOXSGD,Bitcoin Markets (mtgoxSGD)
BCHARTS,BCHARTS/MTGOXHKD,Bitcoin Markets (mtgoxHKD)
BCHARTS,BCHARTS/MTGOXEUR,Bitcoin Markets (mtgoxEUR)
BCHARTS,BCHARTS/MTGOXAUD,Bitcoin Markets (mtgoxAUD)
BCHARTS,BCHARTS/KRAKENNMC,Bitcoin Markets (krakenNMC)
BCHARTS,BCHARTS/ROCKUSD,Bitcoin Markets (rockUSD)
BCHARTS,BCHARTS/BITSTOCKCZK,Bitcoin Markets (bitstockCZK)
BCHARTS,BCHARTS/MTGOXCNY,Bitcoin Markets (mtgoxCNY)
BCHARTS,BCHARTS/MTGOXNZD,Bitcoin Markets (mtgoxNZD)
BCHARTS,BCHARTS/MTGOXSEK,Bitcoin Markets (mtgoxSEK)
BCHARTS,BCHARTS/LOCALBTCILS,Bitcoin Markets (localbtcILS)
BCHARTS,BCHARTS/ICBITUSD,Bitcoin Markets (icbitUSD)
BCHARTS,BCHARTS/LOCALBTCCAD,Bitcoin Markets (localbtcCAD)
BCHARTS,BCHARTS/LOCALBTCAUD,Bitcoin Markets (localbtcAUD)
BCHARTS,BCHARTS/LOCALBTCGBP,Bitcoin Markets (localbtcGBP)
BCHARTS,BCHARTS/LOCALBTCNOK,Bitcoin Markets (localbtcNOK)
BCHARTS,BCHARTS/BITCUREXEUR,Bitcoin Markets (bitcurexEUR)
BCHARTS,BCHARTS/RIPPLEEUR,Bitcoin Markets (rippleEUR)
BCHARTS,BCHARTS/BTCEUREUR,Bitcoin Markets (btceurEUR)
BCHARTS,BCHARTS/CRYTREUR,Bitcoin Markets (crytrEUR)
BCHARTS,BCHARTS/MTGOXDKK,Bitcoin Markets (mtgoxDKK)
BCHARTS,BCHARTS/LOCALBTCHKD,Bitcoin Markets (localbtcHKD)
BCHARTS,BCHARTS/BITKONANUSD,Bitcoin Markets (bitkonanUSD)
BCHARTS,BCHARTS/BIT2CILS,Bitcoin Markets (bit2cILS)
BCHARTS,BCHARTS/MTGOXRUB,Bitcoin Markets (mtgoxRUB)
BCHARTS,BCHARTS/BITMARKETRUB,Bitcoin Markets (bitmarketRUB)
BCHARTS,BCHARTS/ANXHKHKD,Bitcoin Markets (anxhkHKD)
BCHARTS,BCHARTS/BITXZAR,Bitcoin Markets (bitxZAR)
BCHARTS,BCHARTS/ANXHKCNY,Bitcoin Markets (anxhkCNY)
BCHARTS,BCHARTS/KRAKENKRW,Bitcoin Markets (krakenKRW)
BCHARTS,BCHARTS/LOCALBTCMXN,Bitcoin Markets (localbtcMXN)
BCHARTS,BCHARTS/BTCMARKETSAUD,Bitcoin Markets (btcmarketsAUD)
BCHARTS,BCHARTS/BTCERUR,Bitcoin Markets (btceRUR)
BCHARTS,BCHARTS/BITMARKETUSD,Bitcoin Markets (bitmarketUSD)
BCHARTS,BCHARTS/MTGOXTHB,Bitcoin Markets (mtgoxTHB)
BCHARTS,BCHARTS/ZYADOEUR,Bitcoin Markets (zyadoEUR)
BCHARTS,BCHARTS/ITBITUSD,Bitcoin Markets (itbitUSD)
BCHARTS,BCHARTS/ITBITSGD,Bitcoin Markets (itbitSGD)
BCHARTS,BCHARTS/1COINUSD,Bitcoin Markets (1coinUSD)
BCHARTS,BCHARTS/ITBITEUR,Bitcoin Markets (itbitEUR)
BCHARTS,BCHARTS/BITBAYPLN,Bitcoin Markets (bitbayPLN)
BCHARTS,BCHARTS/BTCXCHANGERON,Bitcoin Markets (btcxchangeRON)
BCHARTS,BCHARTS/COINFLOORGBP,Bitcoin Markets (coinfloorGBP)
BCHARTS,BCHARTS/KORBITKRW,Bitcoin Markets (korbitKRW)
BCHARTS,BCHARTS/BITBAYUSD,Bitcoin Markets (bitbayUSD)
BCHARTS,BCHARTS/OKCOINCNY,Bitcoin Markets (okcoinCNY)
BCHARTS,BCHARTS/ANXHKSGD,Bitcoin Markets (anxhkSGD)
BCHARTS,BCHARTS/ANXHKJPY,Bitcoin Markets (anxhkJPY)
BCHARTS,BCHARTS/ANXHKCHF,Bitcoin Markets (anxhkCHF)
BCHARTS,BCHARTS/ANXHKEUR,Bitcoin Markets (anxhkEUR)
BCHARTS,BCHARTS/ANXHKNZD,Bitcoin Markets (anxhkNZD)
BCHARTS,BCHARTS/ANXHKCAD,Bitcoin Markets (anxhkCAD)
BCHARTS,BCHARTS/ANXHKAUD,Bitcoin Markets (anxhkAUD)
BCHARTS,BCHARTS/ANXHKGBP,Bitcoin Markets (anxhkGBP)
BCHARTS,BCHARTS/IBWTGBP,Bitcoin Markets (ibwtGBP)
BCHARTS,BCHARTS/BITALOUSD,Bitcoin Markets (bitaloUSD)
BCHARTS,BCHARTS/IBWTLTC,Bitcoin Markets (ibwtLTC)
BCHARTS,BCHARTS/IBWTUSD,Bitcoin Markets (ibwtUSD)
BCHARTS,BCHARTS/IBWTEUR,Bitcoin Markets (ibwtEUR)
BCHARTS,BCHARTS/BTC2UBRL,Bitcoin Markets (btc2uBRL)
BCHARTS,BCHARTS/BITBAYEUR,Bitcoin Markets (bitbayEUR)
BCHARTS,BCHARTS/COINBASEUSD,Bitcoin Markets (coinbaseUSD)
BCHARTS,BCHARTS/COINBASEEUR,Bitcoin Markets (coinbaseEUR)
BCHARTS,BCHARTS/COINBASEGBP,Bitcoin Markets (coinbaseGBP)
BCHARTS,BCHARTS/COINBASECAD,Bitcoin Markets (coinbaseCAD)
BCHARTS,BCHARTS/KRAKENCAD,Bitcoin Markets (krakenCAD)
BCHARTS,BCHARTS/COINCHECKJPY,Bitcoin Markets (coincheckJPY)
BCHARTS,BCHARTS/EXMOUSD,Bitcoin Markets (exmoUSD)
BCHARTS,BCHARTS/EXMOEUR,Bitcoin Markets (exmoEUR)
BCHARTS,BCHARTS/EXMORUB,Bitcoin Markets (exmoRUB)
BCHARTS,BCHARTS/BITCUREXUSD,Bitcoin Markets (bitcurexUSD)
BCHARTS,BCHARTS/NEVBITPLN,Bitcoin Markets (nevbitPLN)
BCHARTS,BCHARTS/FLUCTOPLN,Bitcoin Markets (fluctoPLN)
BCHARTS,BCHARTS/BTCALPHAUSD,Bitcoin Markets (btcalphaUSD)
BCHARTS,BCHARTS/FOXBITBRL,Bitcoin Markets (foxbitBRL)
BCHARTS,BCHARTS/BTCCUSD,Bitcoin Markets (btccUSD)
BCHARTS,BCHARTS/BITXMYR,Bitcoin Markets (bitxMYR)
BCHARTS,BCHARTS/BITXIDR,Bitcoin Markets (bitxIDR)
BCHARTS,BCHARTS/BITXNGN,Bitcoin Markets (bitxNGN)
BCHARTS,BCHARTS/LOCALBTCVND,Bitcoin Markets (localbtcVND)
BCHARTS,BCHARTS/KRAKENJPY,Bitcoin Markets (krakenJPY)
BCHARTS,BCHARTS/KRAKENGBP,Bitcoin Markets (krakenGBP)
BCHARTS,BCHARTS/CEXRUB,Bitcoin Markets (cexRUB)
BCHARTS,BCHARTS/CEXEUR,Bitcoin Markets (cexEUR)
BCHARTS,BCHARTS/CEXUSD,Bitcoin Markets (cexUSD)
BCHARTS,BCHARTS/CHBTCCNY,Bitcoin Markets (chbtcCNY)
BCHARTS,BCHARTS/JUBICNY,Bitcoin Markets (jubiCNY)
BCHARTS,BCHARTS/COINSBANKUSD,Bitcoin Markets (coinsbankUSD)
BCHARTS,BCHARTS/COINSBANKGBP,Bitcoin Markets (coinsbankGBP)
BCHARTS,BCHARTS/COINSBANKEUR,Bitcoin Markets (coinsbankEUR)
BCHARTS,BCHARTS/ALLCOINUSD,Bitcoin Markets (allcoinUSD)
BCHARTS,BCHARTS/COINSBANKRUB,Bitcoin Markets (coinsbankRUB)
BCHARTS,BCHARTS/BITFLYERJPY,Bitcoin Markets (bitflyerJPY)
BCHARTS,BCHARTS/SURBTCVEF,Bitcoin Markets (surbtcVEF)
BCHARTS,BCHARTS/CHILEBITCLP,Bitcoin Markets (chilebitCLP)
BCHARTS,BCHARTS/URDUBITPKR,Bitcoin Markets (urdubitPKR)
BCHARTS,BCHARTS/GETBTCUSD,Bitcoin Markets (getbtcUSD)
BCHARTS,BCHARTS/VBTCVND,Bitcoin Markets (vbtcVND)
BCHARTS,BCHARTS/BTCBOXJPY,Bitcoin Markets (btcboxJPY)
BCHARTS,BCHARTS/ZAIFJPY,Bitcoin Markets (zaifJPY)
BCHARTS,BCHARTS/OKCOINUSD,Bitcoin Markets (okcoinUSD)
BCHARTS,BCHARTS/BITMASZYNAPLN,Bitcoin Markets (bitmaszynaPLN)
BCHARTS,BCHARTS/INDACOINUSD,Bitcoin Markets (indacoinUSD)
BCHARTS,BCHARTS/BTCTRADECNY,Bitcoin Markets (btctradeCNY)
BCHARTS,BCHARTS/LOCALBTCVEF,Bitcoin Markets (localbtcVEF)
BCHARTS,BCHARTS/WEXUSD,Bitcoin Markets (wexUSD)
BITCOINWATCH,BITCOINWATCH/MINING,Bitcoin Mining Statistics
BITFINEX,BITFINEX/LTCUSD,LTC/USD Exchange Rate
BITFINEX,BITFINEX/LTCBTC,LTC/BTC Exchange Rate
BITFINEX,BITFINEX/BTCUSD,BTC/USD Exchange Rate
BITFINEX,BITFINEX/DRKUSD,DRK/USD Exchange Rate
BITFINEX,BITFINEX/DRKBTC,DRK/BTC Exchange Rate
BITFINEX,BITFINEX/TH1BTC,TH1/BTC Exchange Rate
BITFINEX,BITFINEX/ETHUSD,ETH/USD Exchange Rate
BITFINEX,BITFINEX/ETHBTC,ETH/BTC Exchange Rate
BITFINEX,BITFINEX/ETCUSD,ETC/USD Exchange Rate
BITFINEX,BITFINEX/ETCBTC,ETC/BTC Exchange Rate
BITFINEX,BITFINEX/BFXBTC,BFX/BTC Exchange Rate
BITFINEX,BITFINEX/BFXUSD,BFX/USD Exchange Rate
BITFINEX,BITFINEX/RRTUSD,RRT/USD Exchange Rate
BITFINEX,BITFINEX/RRTBTC,RRT/BTC Exchange Rate
BITFINEX,BITFINEX/ZECBTC,ZEC/BTC Exchange Rate
BITFINEX,BITFINEX/ZECUSD,ZEC/USD Exchange Rate
BITFINEX,BITFINEX/XMRBTC,XMR/BTC Exchange Rate
BITFINEX,BITFINEX/XMRUSD,XMR/USD Exchange Rate
BITFINEX,BITFINEX/DSHUSD,DSH/USD Exchange Rate
BITFINEX,BITFINEX/DSHBTC,DSH/BTC Exchange Rate
BITFINEX,BITFINEX/BCCBTC,BCC/BTC Exchange Rate
BITFINEX,BITFINEX/BCUBTC,BCU/BTC Exchange Rate
BITFINEX,BITFINEX/BCUUSD,BCU/USD Exchange Rate
BITFINEX,BITFINEX/BCCUSD,BCC/USD Exchange Rate
BITFINEX,BITFINEX/XRPUSD,XRP/USD Exchange Rate
BITFINEX,BITFINEX/XRPBTC,XRP/BTC Exchange Rate
BITFINEX,BITFINEX/IOTUSD,IOT/USD Exchange Rate
BITFINEX,BITFINEX/IOTBTC,IOT/BTC Exchange Rate
BITFINEX,BITFINEX/IOTETH,IOT/ETH Exchange Rate
BITFINEX,BITFINEX/EOSUSD,EOS/USD Exchange Rate
BITFINEX,BITFINEX/EOSBTC,EOS/BTC Exchange Rate
BITFINEX,BITFINEX/EOSETH,EOS/ETH Exchange Rate
BITFINEX,BITFINEX/SANBTC,SAN/BTC Exchange Rate
BITFINEX,BITFINEX/SANETH,SAN/ETH Exchange Rate
BITFINEX,BITFINEX/SANUSD,SAN/USD Exchange Rate
BITFINEX,BITFINEX/OMGUSD,OMG/USD Exchange Rate
BITFINEX,BITFINEX/OMGETH,OMG/ETH Exchange Rate
BITFINEX,BITFINEX/OMGBTC,OMG/BTC Exchange Rate
BITFINEX,BITFINEX/BCHETH,BCH/ETH Exchange Rate
BITFINEX,BITFINEX/BCHBTC,BCH/BTC Exchange Rate
BITFINEX,BITFINEX/BCHUSD,BCH/USD Exchange Rate
BITFINEX,BITFINEX/NEOETH,NEO/ETH Exchange Rate
BITFINEX,BITFINEX/NEOUSD,NEO/USD Exchange Rate
BITFINEX,BITFINEX/NEOBTC,NEO/BTC Exchange Rate
BITSTAMP,BITSTAMP/USD,USD/BITCOIN Exchange Rate
BNC3,BNC3/GWA_LTC,BraveNewCoin Daily Global Price Index for Litecoin.
BNC3,BNC3/GWA_BTC,BraveNewCoin Daily Global Price Index for Bitcoin.
BTER,BTER/TIXLTC,TIX/LTC Exchange Rate
BTER,BTER/REDLTC,RED/LTC Exchange Rate
BTER,BTER/NETLTC,NET/LTC Exchange Rate
BTER,BTER/LTCCNY,LTC/CNY Exchange Rate
BTER,BTER/CMCCNY,CMC/CNY Exchange Rate
BTER,BTER/CDCBTC,CDC/BTC Exchange Rate
BTER,BTER/PPCBTC,PPC/BTC Exchange Rate
BTER,BTER/TAGCNY,TAG/CNY Exchange Rate
BTER,BTER/YACCNY,YAC/CNY Exchange Rate
BTER,BTER/TIXCNY,TIX/CNY Exchange Rate
BTER,BTER/FTCBTC,FTC/BTC Exchange Rate
BTER,BTER/PRTBTC,PRT/BTC Exchange Rate
BTER,BTER/BUKBTC,BUK/BTC Exchange Rate
BTER,BTER/XPMCNY,XPM/CNY Exchange Rate
BTER,BTER/XPMBTC,XPM/BTC Exchange Rate
BTER,BTER/MECBTC,MEC/BTC Exchange Rate
BTER,BTER/CENTLTC,CENT/LTC Exchange Rate
BTER,BTER/MAXBTC,MAX/BTC Exchange Rate
BTER,BTER/WDCCNY,WDC/CNY Exchange Rate
BTER,BTER/MMCCNY,MMC/CNY Exchange Rate
BTER,BTER/NMCBTC,NMC/BTC Exchange Rate
BTER,BTER/ZETCNY,ZET/CNY Exchange Rate
BTER,BTER/NMCCNY,NMC/CNY Exchange Rate
BTER,BTER/SRCCNY,SRC/CNY Exchange Rate
BTER,BTER/MMCBTC,MMC/BTC Exchange Rate
BTER,BTER/IFCLTC,IFC/LTC Exchange Rate
BTER,BTER/PTSBTC,PTS/BTC Exchange Rate
BTER,BTER/BTBCNY,BTB/CNY Exchange Rate
BTER,BTER/TIPSCNY,TIPS/CNY Exchange Rate
BTER,BTER/DTCBTC,DTC/BTC Exchange Rate
BTER,BTER/LTCBTC,LTC/BTC Exchange Rate
BTER,BTER/ZETBTC,ZET/BTC Exchange Rate
BTER,BTER/DOGEBTC,DOGE/BTC Exchange Rate
BTER,BTER/KDCBTC,KDC/BTC Exchange Rate
BTER,BTER/BTQCNY,BTQ/CNY Exchange Rate
BTER,BTER/XCPBTC,XCP/BTC Exchange Rate
BTER,BTER/DGCBTC,DGC/BTC Exchange Rate
BTER,BTER/EXCCNY,EXC/CNY Exchange Rate
BTER,BTER/FRCCNY,FRC/CNY Exchange Rate
BTER,BTER/NECBTC,NEC/BTC Exchange Rate
BTER,BTER/CMCBTC,CMC/BTC Exchange Rate
BTER,BTER/BQCBTC,BQC/BTC Exchange Rate
BTER,BTER/DOGECNY,DOGE/CNY Exchange Rate
BTER,BTER/REDCNY,RED/CNY Exchange Rate
BTER,BTER/CNCBTC,CNC/BTC Exchange Rate
BTER,BTER/VTCBTC,VTC/BTC Exchange Rate
BTER,BTER/NETCNY,NET/CNY Exchange Rate
BTER,BTER/CNCCNY,CNC/CNY Exchange Rate
BTER,BTER/YACBTC,YAC/BTC Exchange Rate
BTER,BTER/BTCCNY,BTC/CNY Exchange Rate
BTER,BTER/AURBTC,AUR/BTC Exchange Rate
BTER,BTER/IFCCNY,IFC/CNY Exchange Rate
BTER,BTER/FTCCNY,FTC/CNY Exchange Rate
BTER,BTER/TIPSLTC,TIPS/LTC Exchange Rate
BTER,BTER/FRCBTC,FRC/BTC Exchange Rate
BTER,BTER/BCBTC,BC/BTC Exchange Rate
BTER,BTER/MAXCNY,MAX/CNY Exchange Rate
BTER,BTER/QRKBTC,QRK/BTC Exchange Rate
BTER,BTER/FLTBTC,FLT/BTC Exchange Rate
BTER,BTER/PPCCNY,PPC/CNY Exchange Rate
BTER,BTER/QRKCNY,QRK/CNY Exchange Rate
BTER,BTER/MINTBTC,MINT/BTC Exchange Rate
BTER,BTER/NXTCNY,NXT/CNY Exchange Rate
BTER,BTER/ZCCCNY,ZCC/CNY Exchange Rate
BTER,BTER/WDCBTC,WDC/BTC Exchange Rate
BTER,BTER/C2BTC,C2/BTC Exchange Rate
BTER,BTER/TAGBTC,TAG/BTC Exchange Rate
BTER,BTER/CENTCNY,CENT/CNY Exchange Rate
BTER,BTER/MINTCNY,MINT/CNY Exchange Rate
BTER,BTER/NXTBTC,NXT/BTC Exchange Rate
BTER,BTER/BTBBTC,BTB/BTC Exchange Rate
BTER,BTER/XCPCNY,XCP/CNY Exchange Rate
BTER,BTER/DVCLTC,DVC/LTC Exchange Rate
BTER,BTER/DTCCNY,DTC/CNY Exchange Rate
BTER,BTER/DVCCNY,DVC/CNY Exchange Rate
BTER,BTER/EXCBTC,EXC/BTC Exchange Rate
BTER,BTER/SRCBTC,SRC/BTC Exchange Rate
BTER,BTER/BQCCNY,BQC/CNY Exchange Rate
BTER,BTER/ZCCBTC,ZCC/BTC Exchange Rate
BTER,BTER/MECCNY,MEC/CNY Exchange Rate
BTER,BTER/DGCCNY,DGC/CNY Exchange Rate
BTER,BTER/PTSCNY,PTS/CNY Exchange Rate
BTER,BTER/VTCCNY,VTC/CNY Exchange Rate
BTER,BTER/COMMBTC,COMM/BTC Exchange Rate
BTER,BTER/ACBTC,AC/BTC Exchange Rate
BTER,BTER/DRKBTC,DRK/BTC Exchange Rate
BTER,BTER/DRKCNY,DRK/CNY Exchange Rate
BTER,BTER/BCCNY,BC/CNY Exchange Rate
BTER,BTER/NXTUSD,NXT/USD Exchange Rate
BTER,BTER/XCPUSD,XCP/USD Exchange Rate
BTER,BTER/LTCUSD,LTC/USD Exchange Rate
BTER,BTER/DRKUSD,DRK/USD Exchange Rate
BTER,BTER/DOGEUSD,DOGE/USD Exchange Rate
BTER,BTER/BTCUSD,BTC/USD Exchange Rate
BTER,BTER/SLMBTC,SLM/BTC Exchange Rate
BTER,BTER/XCBTC,XC/BTC Exchange Rate
BTER,BTER/VRCBTC,VRC/BTC Exchange Rate
BTER,BTER/XMRBTC,XMR/BTC Exchange Rate
BTER,BTER/VRCCNY,VRC/CNY Exchange Rate
BTER,BTER/QORABTC,QORA/BTC Exchange Rate
BTER,BTER/NTXBTC,NTX/BTC Exchange Rate
BTER,BTER/GMLBTC,GML/BTC Exchange Rate
BTER,BTER/NASBTC,NAS/BTC Exchange Rate
BTER,BTER/BTSXBTC,BTSX/BTC Exchange Rate
BTER,BTER/NFDBTC,NFD/BTC Exchange Rate
BTER,BTER/ROXBTC,ROX/BTC Exchange Rate
BTER,BTER/BTSXCNY,BTSX/CNY Exchange Rate
BTER,BTER/FRSHBTC,FRSH/BTC Exchange Rate
BTER,BTER/CRSALEBTC,CRSALE/BTC Exchange Rate
BTER,BTER/NAVBTC,NAV/BTC Exchange Rate
BTER,BTER/VIABTC,VIA/BTC Exchange Rate
BTER,BTER/LTSBTC,LTS/BTC Exchange Rate
BTER,BTER/SFRBTC,SFR/BTC Exchange Rate
BTER,BTER/DRKCBTC,DRKC/BTC Exchange Rate
BTER,BTER/XCNBTC,XCN/BTC Exchange Rate
BTER,BTER/XMRCNY,XMR/CNY Exchange Rate
BTER,BTER/XCRBTC,XCR/BTC Exchange Rate
BTER,BTER/NFDLTC,NFD/LTC Exchange Rate
BTER,BTER/BTSXNXT,BTSX/NXT Exchange Rate
BTER,BTER/BCNXT,BC/NXT Exchange Rate
BTER,BTER/XCPNXT,XCP/NXT Exchange Rate
BTER,BTER/BTCBITUSD,BTC/BITUSD Exchange Rate
BTER,BTER/BITUSDUSD,BITUSD/USD Exchange Rate
BTER,BTER/BITCNYCNY,BITCNY/CNY Exchange Rate
BTER,BTER/BTSXUSD,BTSX/USD Exchange Rate
BTER,BTER/NETBTC,NET/BTC Exchange Rate
BTER,BTER/BTCDBTC,BTCD/BTC Exchange Rate
BTER,BTER/NXTTYBTC,NXTTY/BTC Exchange Rate
BTER,BTER/SNTTKNBTC,SNTTKN/BTC Exchange Rate
BTER,BTER/MGWBTC,MGW/BTC Exchange Rate
BTER,BTER/TOKENBTC,TOKEN/BTC Exchange Rate
BTER,BTER/TOKENNXT,TOKEN/NXT Exchange Rate
BTER,BTER/TOKENBTCD,TOKEN/BTCD Exchange Rate
BTER,BTER/TOKENCNY,TOKEN/CNY Exchange Rate
BTER,BTER/NODEBTC,NODE/BTC Exchange Rate
BTER,BTER/NXTTYCNY,NXTTY/CNY Exchange Rate
BTER,BTER/BBRBTC,BBR/BTC Exchange Rate
BTER,BTER/ATOMICBTC,ATOMIC/BTC Exchange Rate
BTER,BTER/MRKTBTC,MRKT/BTC Exchange Rate
BTER,BTER/CKCBTC,CKC/BTC Exchange Rate
BTER,BTER/MSCBTC,MSC/BTC Exchange Rate
BTER,BTER/NBTBTC,NBT/BTC Exchange Rate
BTER,BTER/UNITYNXT,UNITY/NXT Exchange Rate
BTER,BTER/UNITYBTC,UNITY/BTC Exchange Rate
BTER,BTER/UNITYCNY,UNITY/CNY Exchange Rate
BTER,BTER/DICEBTC,DICE/BTC Exchange Rate
BTER,BTER/DICENXT,DICE/NXT Exchange Rate
BTER,BTER/XTCBTC,XTC/BTC Exchange Rate
BTER,BTER/XCHBTC,XCH/BTC Exchange Rate
BTER,BTER/DNSBTC,DNS/BTC Exchange Rate
BTER,BTER/ARCHBTC,ARCH/BTC Exchange Rate
BTER,BTER/GHOSTBTC,GHOST/BTC Exchange Rate
BTER,BTER/BTCDNXT,BTCD/NXT Exchange Rate
BTER,BTER/NSRBTC,NSR/BTC Exchange Rate
BTER,BTER/SPARKBTC,SPARK/BTC Exchange Rate
BTER,BTER/SWIFTBTC,SWIFT/BTC Exchange Rate
BTER,BTER/BLOCKBTC,BLOCK/BTC Exchange Rate
BTER,BTER/BAYBTC,BAY/BTC Exchange Rate
BTER,BTER/BTSCNY,BTS/CNY Exchange Rate
BTER,BTER/BTSNXT,BTS/NXT Exchange Rate
BTER,BTER/BTSBTC,BTS/BTC Exchange Rate
BTER,BTER/BTSUSD,BTS/USD Exchange Rate
BTER,BTER/BLKBTC,BLK/BTC Exchange Rate
BTER,BTER/BLKCNY,BLK/CNY Exchange Rate
BTER,BTER/XTCCNY,XTC/CNY Exchange Rate
BTER,BTER/GEMZBTC,GEMZ/BTC Exchange Rate
BTER,BTER/BITGLDBTC,BITGLD/BTC Exchange Rate
BTER,BTER/DASHBTC,DASH/BTC Exchange Rate
BTER,BTER/DASHCNY,DASH/CNY Exchange Rate
BTER,BTER/DASHUSD,DASH/USD Exchange Rate
BTER,BTER/XEMBTC,XEM/BTC Exchange Rate
BTER,BTER/NBTCNY,NBT/CNY Exchange Rate
BTER,BTER/SHELLCNY,SHELL/CNY Exchange Rate
BTER,BTER/ETHBTC,ETH/BTC Exchange Rate
BTER,BTER/ETHCNY,ETH/CNY Exchange Rate
BTER,BTER/TBCBTC,TBC/BTC Exchange Rate
BTER,BTER/TBCCNY,TBC/CNY Exchange Rate
BTER,BTER/DAOCNY,DAO/CNY Exchange Rate
BTER,BTER/DAOBTC,DAO/BTC Exchange Rate
BTER,BTER/FTPBTC,FTP/BTC Exchange Rate
BTER,BTER/ETCCNY,ETC/CNY Exchange Rate
BTER,BTER/ETCBTC,ETC/BTC Exchange Rate
BTER,BTER/ETCETH,ETC/ETH Exchange Rate
BTER,BTER/CTCBTC,CTC/BTC Exchange Rate
BTER,BTER/MGBTC,MG/BTC Exchange Rate
BTER,BTER/REPCNY,REP/CNY Exchange Rate
BTER,BTER/REPBTC,REP/BTC Exchange Rate
BTER,BTER/ZECCNY,ZEC/CNY Exchange Rate
BTER,BTER/ZECBTC,ZEC/BTC Exchange Rate
BTER,BTER/HKGBTC,HKG/BTC Exchange Rate
BTER,BTER/QTUMBTC,QTUM/BTC Exchange Rate
BTER,BTER/QTUMETH,QTUM/ETH Exchange Rate
BTER,BTER/BTRXCNY,BTRX/CNY Exchange Rate
BTER,BTER/BTRXBTC,BTRX/BTC Exchange Rate
BTER,BTER/XEMCNY,XEM/CNY Exchange Rate
BTER,BTER/ETPBTC,ETP/BTC Exchange Rate
BTER,BTER/ETPCNY,ETP/CNY Exchange Rate
BTER,BTER/QTUMCNY,QTUM/CNY Exchange Rate
BTER,BTER/BATBTC,BAT/BTC Exchange Rate
BTER,BTER/BATCNY,BAT/CNY Exchange Rate
BTER,BTER/BATETH,BAT/ETH Exchange Rate
BTER,BTER/XRPBTC,XRP/BTC Exchange Rate
BTER,BTER/XRPCNY,XRP/CNY Exchange Rate
BTER,BTER/SNTCNY,SNT/CNY Exchange Rate
BTER,BTER/SNTBTC,SNT/BTC Exchange Rate
BTER,BTER/SNTETH,SNT/ETH Exchange Rate
BTER,BTER/EOSETH,EOS/ETH Exchange Rate
BTER,BTER/EOSBTC,EOS/BTC Exchange Rate
BTER,BTER/EOSCNY,EOS/CNY Exchange Rate
BTER,BTER/ICOCNY,ICO/CNY Exchange Rate
BTER,BTER/ICOETH,ICO/ETH Exchange Rate
BTER,BTER/ICOBTC,ICO/BTC Exchange Rate
BTER,BTER/BTMCNY,BTM/CNY Exchange Rate
BTER,BTER/BTMBTC,BTM/BTC Exchange Rate
BTER,BTER/BCCCNY,BCC/CNY Exchange Rate
BTER,BTER/BCCBTC,BCC/BTC Exchange Rate
BTER,BTER/OMGBTC,OMG/BTC Exchange Rate
BTER,BTER/OMGETH,OMG/ETH Exchange Rate
BTER,BTER/OMGCNY,OMG/CNY Exchange Rate
BTER,BTER/PAYBTC,PAY/BTC Exchange Rate
BTER,BTER/PAYETH,PAY/ETH Exchange Rate
BTER,BTER/PAYCNY,PAY/CNY Exchange Rate
BTER,BTER/CVCETH,CVC/ETH Exchange Rate
BTER,BTER/CVCBTC,CVC/BTC Exchange Rate
BTER,BTER/CVCCNY,CVC/CNY Exchange Rate
BTER,BTER/STORJCNY,STORJ/CNY Exchange Rate
BTER,BTER/STORJBTC,STORJ/BTC Exchange Rate
BTER,BTER/STORJETH,STORJ/ETH Exchange Rate
BTER,BTER/VENBTC,VEN/BTC Exchange Rate
BTER,BTER/VENCNY,VEN/CNY Exchange Rate
BTER,BTER/DOCBTC,DOC/BTC Exchange Rate
BTER,BTER/DOCCNY,DOC/CNY Exchange Rate
BTER,BTER/OAXBTC,OAX/BTC Exchange Rate
BTER,BTER/OAXETH,OAX/ETH Exchange Rate
BTER,BTER/UBCBTC,UBC/BTC Exchange Rate
BTER,BTER/UBCETH,UBC/ETH Exchange Rate
BTER,BTER/PSTBTC,PST/BTC Exchange Rate
BTER,BTER/PSTETH,PST/ETH Exchange Rate
BTER,BTER/ZRXETH,ZRX/ETH Exchange Rate
BTER,BTER/ZRXBTC,ZRX/BTC Exchange Rate
BTER,BTER/ZRXCNY,ZRX/CNY Exchange Rate
BTER,BTER/DNTETH,DNT/ETH Exchange Rate
BTER,BTER/DNTBTC,DNT/BTC Exchange Rate
BTER,BTER/DNTCNY,DNT/CNY Exchange Rate
BTER,BTER/LLTCNY,LLT/CNY Exchange Rate
BTER,BTER/PSTCNY,PST/CNY Exchange Rate
BTER,BTER/TNTETH,TNT/ETH Exchange Rate
BTER,BTER/LLTETH,LLT/ETH Exchange Rate
BTER,BTER/LRCETH,LRC/ETH Exchange Rate
BTER,BTER/DPYETH,DPY/ETH Exchange Rate
BTER,BTER/TNTCNY,TNT/CNY Exchange Rate
BTER,BTER/LRCCNY,LRC/CNY Exchange Rate
BTER,BTER/BTMETH,BTM/ETH Exchange Rate
GDAX,GDAX/CAD,BTC/CAD Exchange Rate
GDAX,GDAX/EUR,BTC/EUR Exchange Rate
GDAX,GDAX/USD,BTC/USD Exchange Rate
GDAX,GDAX/GBP,BTC/GBP Exchange Rate
GDAX,GDAX/BTC,LTC/BTC Exchange Rate
GDAX,GDAX/ETH_USD,ETH/USD Exchange Rate
GDAX,GDAX/ETH_BTC,ETH/BTC Exchange Rate
GDAX,GDAX/LTC_BTC,LTC/BTC Exchange Rate
GDAX,GDAX/LTC_USD,LTC/USD Exchange Rate
GDAX,GDAX/LTC_EUR,LTC/EUR Exchange Rate
GDAX,GDAX/ETH_EUR,ETH/EUR Exchange Rate
LOCALBTC,LOCALBTC/GBP,GBP/BITCOIN Exchange Rate
LOCALBTC,LOCALBTC/USD,USD/BITCOIN Exchange Rate
LOCALBTC,LOCALBTC/DKK,DKK/BITCOIN Exchange Rate
LOCALBTC,LOCALBTC/COP,COP/BITCOIN Exchange Rate
LOCALBTC,LOCALBTC/CAD,CAD/BITCOIN Exchange Rate
LOCALBTC,LOCALBTC/JPY,JPY/BITCOIN Exchange Rate
LOCALBTC,LOCALBTC/RON,RON/BITCOIN Exchange Rate
LOCALBTC,LOCALBTC/HUF,HUF/BITCOIN Exchange Rate
LOCALBTC,LOCALBTC/MYR,MYR/BITCOIN Exchange Rate
LOCALBTC,LOCALBTC/HKD,HKD/BITCOIN Exchange Rate
LOCALBTC,LOCALBTC/SEK,SEK/BITCOIN Exchange Rate
LOCALBTC,LOCALBTC/SGD,SGD/BITCOIN Exchange Rate
LOCALBTC,LOCALBTC/AUD,AUD/BITCOIN Exchange Rate
LOCALBTC,LOCALBTC/TRY,TRY/BITCOIN Exchange Rate
LOCALBTC,LOCALBTC/CNY,CNY/BITCOIN Exchange Rate
LOCALBTC,LOCALBTC/CHF,CHF/BITCOIN Exchange Rate
LOCALBTC,LOCALBTC/HRK,HRK/BITCOIN Exchange Rate
LOCALBTC,LOCALBTC/THB,THB/BITCOIN Exchange Rate
LOCALBTC,LOCALBTC/NZD,NZD/BITCOIN Exchange Rate
LOCALBTC,LOCALBTC/EUR,EUR/BITCOIN Exchange Rate
LOCALBTC,LOCALBTC/ARS,ARS/BITCOIN Exchange Rate
LOCALBTC,LOCALBTC/NOK,NOK/BITCOIN Exchange Rate
LOCALBTC,LOCALBTC/RUB,RUB/BITCOIN Exchange Rate
LOCALBTC,LOCALBTC/KES,KES/BITCOIN Exchange Rate
LOCALBTC,LOCALBTC/INR,INR/BITCOIN Exchange Rate
LOCALBTC,LOCALBTC/MXN,MXN/BITCOIN Exchange Rate
LOCALBTC,LOCALBTC/CZK,CZK/BITCOIN Exchange Rate
LOCALBTC,LOCALBTC/BRL,BRL/BITCOIN Exchange Rate
LOCALBTC,LOCALBTC/PLN,PLN/BITCOIN Exchange Rate
LOCALBTC,LOCALBTC/ZAR,ZAR/BITCOIN Exchange Rate
LOCALBTC,LOCALBTC/BGN,BGN/BITCOIN Exchange Rate
LOCALBTC,LOCALBTC/CLP,CLP/BITCOIN Exchange Rate
LOCALBTC,LOCALBTC/PHP,PHP/BITCOIN Exchange Rate
LOCALBTC,LOCALBTC/SAR,SAR/BITCOIN Exchange Rate
LOCALBTC,LOCALBTC/BYR,BYR/BITCOIN Exchange Rate
LOCALBTC,LOCALBTC/PEN,PEN/BITCOIN Exchange Rate
LOCALBTC,LOCALBTC/ILS,ILS/BITCOIN Exchange Rate
LOCALBTC,LOCALBTC/KRW,KRW/BITCOIN Exchange Rate
LOCALBTC,LOCALBTC/VEF,VEF/BITCOIN Exchange Rate
LOCALBTC,LOCALBTC/AED,AED/BITCOIN Exchange Rate
LOCALBTC,LOCALBTC/LTL,LTL/BITCOIN Excjamge Rate
LOCALBTC,LOCALBTC/TWD,TWD/BITCOIN Exchange Rate
LOCALBTC,LOCALBTC/VND,VND/BITCOIN Exchange Rate
LOCALBTC,LOCALBTC/PKR,PKR/BITCOIN Exchange Rate
LOCALBTC,LOCALBTC/IDR,IDR/BITCOIN Exchange Rate
LOCALBTC,LOCALBTC/NGN,NGN/BITCOIN Exchange Rate
LOCALBTC,LOCALBTC/UAH,UAH/BITCOIN Exchange Rate
LOCALBTC,LOCALBTC/IRR,IRR/BITCOIN Exchange Rate
LOCALBTC,LOCALBTC/GHS,GHS/BITCOIN Exchange Rate
LOCALBTC,LOCALBTC/DOP,DOP/BITCOIN Exchange Rate
LOCALBTC,LOCALBTC/BDT,BDT/BITCOIN Exchange Rate
LOCALBTC,LOCALBTC/TND,TND/BITCOIN Exchange Rate
LOCALBTC,LOCALBTC/BND,BND/BITCOIN Exchange Rate
LOCALBTC,LOCALBTC/LKR,LKR/BITCOIN Exchange Rate
LOCALBTC,LOCALBTC/MAD,MAD/BITCOIN Exchange Rate
LOCALBTC,LOCALBTC/HTG,HTG/BITCOIN Excjamge Rate
LOCALBTC,LOCALBTC/NAD,NAD/BITCOIN Excjamge Rate
LOCALBTC,LOCALBTC/QAR,QAR/BITCOIN Exchange Rate
LOCALBTC,LOCALBTC/BOB,BOB/BITCOIN Exchange Rate
LOCALBTC,LOCALBTC/RSD,RSD/BITCOIN Exchange Rate
LOCALBTC,LOCALBTC/UGX,UGX/BITCOIN Exchange Rate
LOCALBTC,LOCALBTC/RWF,RWF/BITCOIN Exchange Rate
LOCALBTC,LOCALBTC/KZT,KZT/BITCOIN Exchange Rate
LOCALBTC,LOCALBTC/HNL,HNL/BITCOIN Exchange Rate
LOCALBTC,LOCALBTC/TZS,TZS/BITCOIN Exchange Rate
LOCALBTC,LOCALBTC/XAF,XAF/BITCOIN Exchange Rate
LOCALBTC,LOCALBTC/JOD,JOD/BITCOIN Exchange Rate
LOCALBTC,LOCALBTC/AZN,AZN/BITCOIN Excjamge Rate
LOCALBTC,LOCALBTC/BHD,BHD/BITCOIN Excjamge Rate
LOCALBTC,LOCALBTC/UYU,UYU/BITCOIN Exchange Rate
LOCALBTC,LOCALBTC/JMD,JMD/BITCOIN Exchange Rate
LOCALBTC,LOCALBTC/KWD,KWD/BITCOIN Exchange Rate
LOCALBTC,LOCALBTC/AFN,AFN/BITCOIN Excjamge Rate
LOCALBTC,LOCALBTC/LSL,LSL/BITCOIN Excjamge Rate
LOCALBTC,LOCALBTC/OMR,OMR/BITCOIN Exchange Rate
LOCALBTC,LOCALBTC/IQD,IQD/BITCOIN Excjamge Rate
LOCALBTC,LOCALBTC/SHP,SHP/BITCOIN Excjamge Rate
LOCALBTC,LOCALBTC/CRC,CRC/BITCOIN Exchange Rate
LOCALBTC,LOCALBTC/EGP,EGP/BITCOIN Exchange Rate
LOCALBTC,LOCALBTC/XAG,XAG/BITCOIN Exchange Rate
LOCALBTC,LOCALBTC/DZD,DZD/BITCOIN Exchange Rate
LOCALBTC,LOCALBTC/ISK,ISK/BITCOIN Exchange Rate
LOCALBTC,LOCALBTC/GTQ,GTQ/BITCOIN Exchange Rate
LOCALBTC,LOCALBTC/BAM,BAM/BITCOIN Exchange Rate
LOCALBTC,LOCALBTC/XAU,XAU/BITCOIN Exchange Rate
LOCALBTC,LOCALBTC/LBP,LBP/BITCOIN Excjamge Rate
LOCALBTC,LOCALBTC/GIP,GIP/BITCOIN Excjamge Rate
LOCALBTC,LOCALBTC/KGS,KGS/BITCOIN Excjamge Rate
LOCALBTC,LOCALBTC/MUR,MUR/BITCOIN Exchange Rate
LOCALBTC,LOCALBTC/BYN,BYN/BITCOIN Exchange Rate
LOCALBTC,LOCALBTC/BWP,BWP/BITCOIN Exchange Rate
LOCALBTC,LOCALBTC/AOA,AOA/BITCOIN Exchange Rate
LOCALBTC,LOCALBTC/PAB,PAB/BITCOIN Exchange Rate
LOCALBTC,LOCALBTC/ZMW,ZMW/BITCOIN Exchange Rate
LOCALBTC,LOCALBTC/PYG,PYG/BITCOIN Exchange Rate
LOCALBTC,LOCALBTC/GEL,GEL/BITCOIN Exchange Rate
LOCALBTC,LOCALBTC/CNH,CNH/BITCOIN Exchange Rate
LOCALBTC,LOCALBTC/ETB,ETB/BITCOIN Exchange Rate
LOCALBTC,LOCALBTC/NPR,NPR/BITCOIN Exchange Rate
LOCALBTC,LOCALBTC/ALL,ALL/BITCOIN Exchange Rate
LOCALBTC,LOCALBTC/TTD,TTD/BITCOIN Exchange Rate
LOCALBTC,LOCALBTC/GGP,GGP/BITCOIN Exchange Rate
LOCALBTC,LOCALBTC/MMK,MMK/BITCOIN Exchange Rate
LOCALBTC,LOCALBTC/XOF,XOF/BITCOIN Exchange Rate
LOCALBTC,LOCALBTC/XAR,XAR/BITCOIN Exchange Rate
LOCALBTC,LOCALBTC/ETH,ETH/BITCOIN Exchange Rate
LOCALBTC,LOCALBTC/MDL,MDL/BITCOIN Exchange Rate
LOCALBTC,LOCALBTC/UZS,UZS/BITCOIN Exchange Rate
